year,month,title,writer
1999,12,개인투자가를 위한 주식 @ 살 때와 팔 때,"[('한국경제신문증권부 ', '(지은이)', '|')]"
1999,12,"코를 ""킁킁""","[('루스 크라우스 (지은이), 마르크 시몽 (그림), 고진하 ', '(옮긴이)', '|')]"
1999,12,신화 속으로 떠나는 언어 여행,"[('아이작 아시모프 (지은이), 김대웅 ', '(옮긴이)', '|')]"
1999,12,오늘은 다르게,"[('박노해 ', '(지은이)', '|')]"
1999,12,어른의 학교,"[('이윤기 (지은이), 정병규 (엮은이), 정재규 ', '(그림)', '|')]"
1999,12,자장자장 엄마 품에,"[('임동권 (글), 류재수 ', '(그림)', '|')]"
1999,12,윈도우 98 파워유저 무작정 따라하기,"[('양재봉, 김원석 ', '(지은이)', '|')]"
1999,12,클릭! 미래 속으로,"[('페이스 팝콘, 리스 마리골드 (지은이), 김영신, 조은정 ', '(옮긴이)', '|')]"
1999,12,세밀화로 그린 보리 아기그림책 1 - 전3권,"[('이태수 (지은이), 보리 편집부 ', '(엮은이)', '|')]"
1999,12,문학과 예술의 사회사 1,"[('아르놀트 하우저 (지은이), 반성완, 백낙청, 염무웅 ', '(옮긴이)', '|')]"
1999,12,코카콜라 애인,"[('윤대녕 ', '(지은이)', '|')]"
1999,12,천.천.히 그림 읽기,"[('진중권, 조이한 ', '(지은이)', '|')]"
1999,12,손정의 21세기 경영전략,"[('이시카와 요시미 ', '(지은이)', '|')]"
1999,12,누구야 누구,"[('심조원 (지은이), 권혁도 ', '(그림)', '|')]"
1999,12,꼬마 니콜라,"[('르네 고시니 (지은이), 장 자크 상뻬 (그림), 신선영 ', '(옮긴이)', '|')]"
1999,12,외딴 마을의 빈집이 되고 싶다,"[('이해인 ', '(지은이)', '|')]"
1999,12,아이디어 하나로 백만장자가 된 웹 사이트들,"[('재클린 이스튼 (지은이), 이기문 ', '(옮긴이)', '|')]"
1999,12,내 짝꿍 최영대,"[('채인선 (글), 정순희 ', '(그림)', '|')]"
1999,12,폭력의 세기,"[('한나 아렌트 (지은이), 김정한 ', '(옮긴이)', '|')]"
1999,12,당신의 미술관 1,"[('수잔나 파르취 (지은이), 홍진경 ', '(옮긴이)', '|')]"
1999,12,목욕은 즐거워,"[('교코 마스오카 (지은이), 하야시 아키코 ', '(그림)', '|')]"
1999,12,엄마가 만드는 꼬마철학자,"[('에바 졸러 (지은이), 김현자 ', '(옮긴이)', '|')]"
1999,12,오은하의 만화토피아,"[('오은하 ', '(지은이)', '|')]"
1999,12,'영어'하면 기죽는 엄마를 위한 자신만만 유아영어,"[('서현주 (지은이) | 한울림어린이', '(한울림)', '|')]"
1999,12,알고하면 큰 돈 되는 코스닥 증권 길잡이,"[('이종준 ', '(지은이)', '|')]"
1999,12,"아들, 제대로 알고 잘 키우기","[('야마자키 마사야스 (지은이), 김정숙 (그림), 김숙 ', '(옮긴이)', '|')]"
1999,12,아기 오리는 어디로 갔을까요? (양장),"[('낸시 태퍼리 (지은이), 박상희 ', '(옮긴이)', '|')]"
1999,12,세밀화로 그린 보리 어린이 식물 도감 (양장),"[('보리 편집부 (엮은이), 전의식 (글), 권혁도, 윤봉선, 이태수, 정태련, 윤종진, 이제호 ', '(그림)', '|')]"
1999,12,웹 경제학,"[('에번 I. 슈워츠 (지은이), 고주미 ', '(옮긴이)', '|')]"
1999,12,신기한 스쿨버스 7,"[('조애너 콜 (지은이), 브루스 디건 (그림), 이강환 ', '(옮긴이)', '|')]"
1999,12,숲 속의 요술물감,"[('하야시 아키코 ', '(지은이)', '|')]"
1999,12,나는 솔직하게 살고 싶다,"[('김지룡 ', '(지은이)', '|')]"
1999,12,공자가 죽어야 나라가 산다,"[('김경일 ', '(지은이)', '|')]"
1999,12,손이 나왔네,"[('하야시 아키코 (지은이), 하야시 아키코 ', '(그림)', '|')]"
1999,12,불평등의 재검토,"[('아마티아 센 (지은이) | 한울', '(한울아카데미)', '|')]"
1999,12,영어공부 절대로 하지마라! - 주니어용 듣기와 받아쓰기,"[('정찬용 ', '(지은이)', '|')]"
1999,12,내 생에 처음 만나는 칼. G. 융,[]
1999,12,폴 크루그먼의 불황경제학,"[('폴 크루그먼 (지은이), 주명건 ', '(옮긴이)', '|')]"
1999,12,우리 수학자 모두는 약간 미친 겁니다,"[('폴 호프먼 (지은이), 신현용 ', '(옮긴이)', '|')]"
1999,12,우리가 서로 사랑한다는 것,"[('김수환 ', '(지은이)', '|')]"
1999,12,랑베르 씨,"[('장 자크 상뻬 (지은이), 윤정임 ', '(옮긴이)', '|')]"
1999,12,디지털 시대의 정보 디자인,"[('클레멘트 목 ', '(지은이)', '|')]"
1999,12,나는 1억으로 석달만에 17억을 벌었다,"[('이만수 ', '(지은이)', '|')]"
1999,12,햇볕 따뜻한 집,"[('조은 (지은이), 신혜원 ', '(그림)', '|')]"
1999,12,그 작고 하찮은 것들에 대한 애착,"[('안도현 ', '(엮은이)', '|')]"
1999,12,세계 엄마들의 일등 육아법,"[('김상숙 ', '(지은이)', '|')]"
1999,12,내 목은 매우 짧으니 조심해서 자르게,"[('박원순 ', '(지은이)', '|')]"
1999,12,빌 게이츠@생각의 속도,"[('빌 게이츠 (지은이), 안진환, 이규행 ', '(옮긴이)', '|')]"
1999,12,동사를 알면 죽은 영어도 살린다,"[('네오퀘스트 ', '(지은이)', '|')]"
1999,12,책 밖의 어른 책 속의 아이,"[('최윤정 ', '(지은이)', '|')]"
2000,12,똑같은 것은 싫다,"[('조홍식 ', '(지은이)', '|')]"
2000,12,신기한 스쿨버스 1,"[('조애너 콜 (지은이), 브루스 디건 (그림), 이연수 ', '(옮긴이)', '|')]"
2000,12,로마인 이야기 5,"[('시오노 나나미 (지은이), 김석희 ', '(옮긴이)', '|')]"
2000,12,시칠리아의 암소,"[('진중권 ', '(지은이)', '|')]"
2000,12,로마인 이야기 7,"[('시오노 나나미 (지은이), 김석희 ', '(옮긴이)', '|')]"
2000,12,로마인 이야기 2,"[('시오노 나나미 (지은이), 김석희 ', '(옮긴이)', '|')]"
2000,12,바람계곡의 나우시카 1,"[('미야자키 하야오 (지은이), 서현아 (옮긴이) | 학산문화사', '(만화)', '|')]"
2000,12,로마인 이야기 6,"[('시오노 나나미 (지은이), 김석희 ', '(옮긴이)', '|')]"
2000,12,로마인 이야기 3,"[('시오노 나나미 (지은이), 김석희 ', '(옮긴이)', '|')]"
2000,12,웹사이트 기획을 하기 위한 15가지 이야기,"[('이해석 ', '(지은이)', '|')]"
2000,12,인생은 지나간다,"[('구효서 (지은이), 김홍희 ', '(사진)', '|')]"
2000,12,PC 진단 문제해결 무작정 따라하기,"[('이순원 ', '(지은이)', '|')]"
2000,12,TOEIC 답이 보인다,"[('김대균 ', '(지은이)', '|')]"
2000,12,10까지 셀 줄 아는 아기 염소,"[('알프 프로이센 (지은이), 하야시 아키코 (그림), 고향옥 ', '(옮긴이)', '|')]"
2000,12,웬디 수녀의 유럽 미술 산책,"[('웬디 베케트 (지은이), 김현우 (옮긴이), 이주헌 ', '(감수)', '|')]"
2000,12,펄떡이는 물고기처럼,"[('스티븐 C. 런딘, 해리 폴, 존 크리스텐슨 (지은이), 유영만 ', '(옮긴이)', '|')]"
2000,12,청바지를 입은 예수,"[('로리 베스 존스 (지은이), 유은영 ', '(옮긴이)', '|')]"
2000,12,만화를 보면서 배우는 영어 삼국지 1,"[('아시아팩, 21세기영어교육연구회 ', '(지은이)', '|')]"
2000,12,HTML & JAVA SCRIPT 사전,"[('류이치 오카쿠라 (지은이) | 영진.com', '(영진닷컴)', '|')]"
2000,12,순이와 어린동생,"[('쓰쓰이 요리코 (지은이), 하야시 아키코 ', '(그림)', '|')]"
2000,12,뽀끼뽀끼 숲의 도깨비,"[('임선영 (지은이), 이호백 ', '(글)', '|')]"
2000,12,눈사람 아저씨,"[('레이먼드 브리그스 ', '(그림)', '|')]"
2000,12,신기한 스쿨버스 6,"[('조애너 콜 (지은이), 브루스 디건 (그림), 이강환 ', '(옮긴이)', '|')]"
2000,12,탁월한 CEO가 되기 위한 4가지 원칙,"[('페트릭 렌시오니 (지은이), 송경모 ', '(옮긴이)', '|')]"
2000,12,세밀화로 그린 보리 아기그림책 1 - 전3권,"[('이태수 (지은이), 보리 편집부 ', '(엮은이)', '|')]"
2000,12,국화꽃 향기 1,"[('김하인 ', '(지은이)', '|')]"
2000,12,영어공부 절대로 하지마라! - 일반용 듣기와 받아쓰기,"[('정찬용 ', '(지은이)', '|')]"
2000,12,세상에서 가장 아늑한 휴식 발마사지 30분,"[('김수자 ', '(지은이)', '|')]"
2000,12,느리게 산다는 것의 의미,"[('피에르 쌍소 (지은이), 김주경 ', '(옮긴이)', '|')]"
2000,12,신기한 스쿨버스 10,"[('조애너 콜 (글), 브루스 디건 (그림), 이강환 ', '(옮긴이)', '|')]"
2000,12,비빔툰 2,"[('홍승우 ', '(지은이)', '|')]"
2000,12,못 말리는 종이괴물,"[('루이 트롱댕 (지은이), 김미선 ', '(옮긴이)', '|')]"
2000,12,놓치고 싶지 않은 나의 꿈 나의 인생,"[('나폴레온 힐 (지은이), 권혁철 (옮긴이) | 국일미디어', '(국일출판사)', '|')]"
2000,12,신기한 스쿨버스 4,"[('조애너 콜 (지은이), 브루스 디건 (그림), 이연수 ', '(옮긴이)', '|')]"
2000,12,"아들아, 머뭇거리기에는 인생이 너무 짧다 1","[('강헌구 ', '(지은이)', '|')]"
2000,12,신기한 스쿨버스 2,"[('조애너 콜 (지은이), 브루스 디건 (그림), 이강환 ', '(옮긴이)', '|')]"
2000,12,Mastering Windows 2000 Server,"[('마크 미나시 ', '(지은이)', '|')]"
2000,12,신기한 스쿨버스 7,"[('조애너 콜 (지은이), 브루스 디건 (그림), 이강환 ', '(옮긴이)', '|')]"
2000,12,집 나가자 꿀꿀꿀,"[('야규 마치코 ', '(지은이)', '|')]"
2000,12,남자처럼 일하고 여자처럼 승리하라,"[('게일 에반스 (지은이), 공경희 ', '(옮긴이)', '|')]"
2000,12,찾아 보아요!,"[('안나 클라라 티돌름 ', '(지은이)', '|')]"
2000,12,작게 시작하여 크게 성공하라,"[('프레드 드루카, 존 P. 하이어스 (지은이), 김광수 ', '(옮긴이)', '|')]"
2000,12,미래의 부,"[('스탠 데이비스, 크리스토퍼 메이어 (지은이), 신동욱 ', '(옮긴이)', '|')]"
2000,12,"조커, 학교 가기 싫을 때 쓰는 카드","[('수지 모건스턴 (지은이), 미레이유 달랑세 (그림), 김예령 ', '(옮긴이)', '|')]"
2000,12,신기한 스쿨버스 8,"[('조애너 콜 (지은이), 브루스 디건 (그림), 이강환 ', '(옮긴이)', '|')]"
2000,12,나쁜 어린이표,"[('황선미 (글), 권사우 ', '(그림)', '|')]"
2000,12,신기한 스쿨버스 5,"[('조애너 콜 (지은이), 브루스 디건 (그림), 이연수 ', '(옮긴이)', '|')]"
2000,12,몽실 언니,"[('권정생 (지은이), 이철수 ', '(그림)', '|')]"
2000,12,기로에 선 자본주의,"[('앤서니 기든스, 윌 허튼 (지은이), 박찬욱, 형선호, 최형익, 홍윤기 ', '(옮긴이)', '|')]"
2000,12,단순함이 최고의 경쟁력이다,"[('빌 젠슨 (지은이), 신현승 ', '(옮긴이)', '|')]"
2001,12,곰 사냥을 떠나자,"[('마이클 로젠 (글), 헬린 옥슨버리 (그림), 공경희 ', '(옮긴이)', '|')]"
2001,12,새들은 페루에 가서 죽다 (특별판),"[('로맹 가리 (지은이), 김남주 ', '(옮긴이)', '|')]"
2001,12,세상에서 가장 큰 여자 아이 안젤리카,"[('앤 이삭스 (지은이), 폴 오 젤린스키 (그림), 서애경 ', '(옮긴이)', '|')]"
2001,12,어둠 속의 참새들,"[('바버러 브룩스 월러스 (지은이), 이상규 (그림), 지혜연 ', '(옮긴이)', '|')]"
2001,12,"메멘토 모리, 죽음을 기억하라","[('김열규 ', '(지은이)', '|')]"
2001,12,눈 오는 날,"[('에즈라 잭 키츠 (지은이), 김소희 ', '(옮긴이)', '|')]"
2001,12,그건 내 조끼야,"[('나까에 요시오 (글), 우에노 노리코 (그림), 박상희 ', '(옮긴이)', '|')]"
2001,12,피노키오는 사람인가 인형인가,"[('양운덕 ', '(지은이)', '|')]"
2001,12,이문열 이희재 만화 삼국지 1,"[('나관중 (지은이), 이문열 (옮긴이), 이희재 ', '(작화)', '|')]"
2001,12,이상한 자연사 박물관,"[('에릭 로만 (지은이), 이지유 (해설) | 미래아이', '(미래M&B,미래엠앤비)', '|')]"
2001,12,B급 좌파,"[('김규항 ', '(지은이)', '|')]"
2001,12,아이에게 행복을 주는 비결 1,"[('스티브 비덜프 (지은이), 전순영 ', '(옮긴이)', '|')]"
2001,12,영어그림책으로 시작하는 자신만만 유아영어,"[('서현주, 홍기영, 이수정 (지은이), 김린 (감수) | 한울림어린이', '(한울림)', '|')]"
2001,12,이익훈 Eye of the TOEIC,"[('이익훈 ', '(지은이)', '|')]"
2001,12,호밀밭의 파수꾼,"[('제롬 데이비드 샐린저 (지은이), 공경희 ', '(옮긴이)', '|')]"
2001,12,못 말리는 종이괴물,"[('루이 트롱댕 (지은이), 김미선 ', '(옮긴이)', '|')]"
2001,12,우리 순이 어디 가니,"[('윤구병 (지은이), 이태수 ', '(그림)', '|')]"
2001,12,그래도 엄마는 너를 사랑한단다,"[('이안 팔코너 (지은이), 서애경 (옮긴이) | 중앙출판사', '(중앙미디어)', '|')]"
2001,12,고릴라,"[('앤서니 브라운 (지은이), 장은수 ', '(옮긴이)', '|')]"
2001,12,손님,"[('황석영 ', '(지은이)', '|')]"
2001,12,헬렌 니어링의 소박한 밥상,"[('헬렌 니어링 (지은이), 공경희 ', '(옮긴이)', '|')]"
2001,12,스마트 초이스,"[('존 하몬드, 랠프 키니, 하워드 래이퍼 (지은이), 전기정, 김서규 ', '(옮긴이)', '|')]"
2001,12,연탄길,"[('이철환 ', '(지은이)', '|')]"
2001,12,화인열전 1 (반양장),"[('유홍준 ', '(지은이)', '|')]"
2001,12,세밀화로 그린 보리 아기그림책 1 - 전3권,"[('이태수 (지은이), 보리 편집부 ', '(엮은이)', '|')]"
2001,12,손 큰 할머니의 만두 만들기,"[('채인선 (지은이), 이억배 ', '(그림)', '|')]"
2001,12,돈 버는 사람은 분명 따로 있다,"[('이상건 ', '(지은이)', '|')]"
2001,12,나의 첫 지도책,"[('빌 보일 (지은이), 데이브 홉킨스 (그림), 장성희 (옮긴이), 이은실 (감수) | 북스캔', '(대교북스캔)', '|')]"
2001,12,종이 봉지 공주,"[('로버트 먼치 (지은이), 마이클 마르첸코 (그림), 김태희 ', '(옮긴이)', '|')]"
2001,12,사랑을 선택하는 특별한 기준 1,"[('김형경 ', '(지은이)', '|')]"
2001,12,내 영혼이 따뜻했던 날들,"[('포리스트 카터 (지은이), 조경숙 ', '(옮긴이)', '|')]"
2001,12,나는 리틀 아인슈타인을 이렇게 키웠다,"[('진경혜 ', '(지은이)', '|')]"
2001,12,척척 아저씨와 총총이,"[('아르멜 브와 (지은이), 김영신 ', '(옮긴이)', '|')]"
2001,12,이슬이의 첫 심부름,"[('쓰쓰이 요리코 (지은이), 하야시 아키코 ', '(그림)', '|')]"
2001,12,순이와 어린동생,"[('쓰쓰이 요리코 (지은이), 하야시 아키코 ', '(그림)', '|')]"
2001,12,"코를 ""킁킁""","[('루스 크라우스 (지은이), 마르크 시몽 (그림), 고진하 ', '(옮긴이)', '|')]"
2001,12,'나의 나무' 아래서,"[('오에 겐자부로 (지은이), 오에 유카리 (그림), 송현아 ', '(옮긴이)', '|')]"
2001,12,진시황 평전,"[('천징 (지은이), 김대환, 신창호 ', '(옮긴이)', '|')]"
2001,12,다섯 개의 풍선,"[('미리암 로트 (글), 오라 아얄 (그림), 박미영 ', '(옮긴이)', '|')]"
2001,12,도전받는 오리엔탈리즘,"[('에드워드 W. 사이드 (지은이), 성일권 ', '(옮긴이)', '|')]"
2001,12,멍멍의사 선생님,"[('배빗 콜 ', '(지은이)', '|')]"
2001,12,함께 세어 보아요,"[('안노 미쓰마사 ', '(지은이)', '|')]"
2001,12,칠판 앞에 나가기 싫어!,"[('다니엘 포세트 (지은이), 베로니크 보아리 (그림), 최윤정 ', '(옮긴이)', '|')]"
2001,12,오늘 눈부신 하루를 위하여,"[('구본형 ', '(지은이)', '|')]"
2001,12,적의 화장법,"[('아멜리 노통브 (지은이), 성귀수 ', '(옮긴이)', '|')]"
2001,12,아킬레스는 왜 거북을 이길 수 없을까,"[('양운덕 ', '(지은이)', '|')]"
2001,12,큰돈 없이 부동산을 사들이는 100가지 방법,"[('김명규 ', '(지은이)', '|')]"
2001,12,TOEIC 답이 보인다,"[('김대균 ', '(지은이)', '|')]"
2001,12,Hackers TOEFL Grammar,"[('David Cho ', '(지은이)', '|')]"
2001,12,새 먼나라 이웃나라 (유럽편) - 전6권 세트,"[('이원복 ', '(지은이)', '|')]"
2002,12,못 말리는 종이괴물,"[('루이 트롱댕 (지은이), 김미선 ', '(옮긴이)', '|')]"
2002,12,손이 나왔네,"[('하야시 아키코 (지은이), 하야시 아키코 ', '(그림)', '|')]"
2002,12,TV동화 행복한 세상 - 전3권 세트,"[('이미애, 박인식 ', '(지은이)', '|')]"
2002,12,크리스마스 건너뛰기,"[('존 그리샴 (지은이), 최수민 ', '(옮긴이)', '|')]"
2002,12,노마디즘 2,"[('이진경 ', '(지은이)', '|')]"
2002,12,"아들아, 머뭇거리기에는 인생이 너무 짧다 1","[('강헌구 ', '(지은이)', '|')]"
2002,12,해커스 그래머 (Hackers Grammar),"[('David Cho ', '(지은이)', '|')]"
2002,12,새 먼나라 이웃나라 - 전9권 세트,"[('이원복 ', '(지은이)', '|')]"
2002,12,무인도에서 살아남기,"[('최덕희 (지은이), 강경효 ', '(그림)', '|')]"
2002,12,기차 ㄱ ㄴ ㄷ,"[('박은영 (글), 박은영 ', '(그림)', '|')]"
2002,12,만화 열두 살에 부자가 된 키라 1,"[('보도 섀퍼, 그림나무 ', '(지은이)', '|')]"
2002,12,반지의 제왕 - 전7권 세트,"[('존 로날드 로웰 톨킨 (지은이), 김번, 김보원, 이미애 ', '(옮긴이)', '|')]"
2002,12,살아있는 한국사 교과서 1,"[('전국역사교사모임 ', '(엮은이)', '|')]"
2002,12,뇌 2,"[('베르나르 베르베르 (지은이), 이세욱 ', '(옮긴이)', '|')]"
2002,12,이익훈 Eye of the TOEIC,"[('이익훈 ', '(지은이)', '|')]"
2002,12,이익훈 Eye & Ear of the TOEIC 세트 (책 3권 + 테이프 12개),"[('이익훈 ', '(지은이)', '|')]"
2002,12,토토의 눈물,"[('구로야나기 데쓰코 (지은이), 김경원 ', '(옮긴이)', '|')]"
2002,12,괭이부리말 아이들,"[('김중미 (지은이), 송진헌 ', '(그림)', '|')]"
2002,12,마법의 설탕 두 조각,"[('미하엘 엔데 (지은이), 유혜자 ', '(옮긴이)', '|')]"
2002,12,호야와 곰곰이의 세계지도 여행,"[('야노쉬 (지은이), 오석균 ', '(옮긴이)', '|')]"
2002,12,우리끼리 가자,"[('윤구병 (지은이), 이태수 ', '(그림)', '|')]"
2002,12,운명,"[('임레 케르테스 (지은이), 박종대, 모명숙 ', '(옮긴이)', '|')]"
2002,12,달라이 라마의 행복론,"[('달라이 라마, 하워드 커틀러 (지은이), 류시화 ', '(옮긴이)', '|')]"
2002,12,곰 사냥을 떠나자,"[('마이클 로젠 (글), 헬린 옥슨버리 (그림), 공경희 ', '(옮긴이)', '|')]"
2002,12,눈사람 아저씨,"[('레이먼드 브리그스 ', '(그림)', '|')]"
2002,12,반지의 제왕 - 전6권 세트,"[('존 로날드 로웰 톨킨 (지은이), 한기찬 ', '(옮긴이)', '|')]"
2002,12,누가 내 치즈를 옮겼을까?,"[('스펜서 존슨 (지은이), 이영진 ', '(옮긴이)', '|')]"
2002,12,신경림의 시인을 찾아서,"[('신경림 ', '(지은이)', '|')]"
2002,12,Next Society,"[('피터 드러커 (지은이), 이재규 ', '(옮긴이)', '|')]"
2002,12,뇌 1,"[('베르나르 베르베르 (지은이), 이세욱 ', '(옮긴이)', '|')]"
2002,12,바빠요 바빠,"[('윤구병 (지은이), 이태수 ', '(그림)', '|')]"
2002,12,링크,"[('앨버트 라슬로 바라바시 (지은이), 강병남, 김기훈 ', '(옮긴이)', '|')]"
2002,12,노란 우산 (양장),[]
2002,12,돼지책 (100쇄 기념판),"[('앤서니 브라운 (지은이), 허은미 ', '(옮긴이)', '|')]"
2002,12,좋은 기업을 넘어... 위대한 기업으로,"[('짐 콜린스 (지은이), 이무열 ', '(옮긴이)', '|')]"
2002,12,세밀화로 그린 보리 아기그림책 1 - 전3권,"[('이태수 (지은이), 보리 편집부 ', '(엮은이)', '|')]"
2002,12,플레이보이 SF 걸작선 1,"[('데이몬 나이트, 도리스 레싱, 레이 브래드버리, 아서 C. 클라크, 커트 보네거트, 제임스 G. 발라드, 레리 니븐, 프레드릭 폴, 할란 엘리슨, 로버트 셰클리, 노먼 스핀래드, 어슐러 K. 르 귄 (지은이), 앨리스 터너 (엮은이), 한기찬 ', '(옮긴이)', '|')]"
2002,12,나는 그녀를 사랑했네,"[('안나 가발다 (지은이), 이세욱 ', '(옮긴이)', '|')]"
2002,12,유혹의 기술 1,"[('로버트 그린 (지은이), 강미경 ', '(옮긴이)', '|')]"
2002,12,물은 답을 알고 있다,"[('에모토 마사루 (지은이), 양억관 (옮긴이) | 나무심는사람', '(이레)', '|')]"
2002,12,살아있는 한국사 교과서 2,"[('전국역사교사모임 ', '(엮은이)', '|')]"
2002,12,그러나 나는 살아가리라,"[('유용주 ', '(지은이)', '|')]"
2002,12,그림으로 생각 키우기 - 전2권,"[('고미 타로 ', '(지은이)', '|')]"
2002,12,해커스 리딩 (Hackers Reading),"[('David Cho ', '(지은이)', '|')]"
2002,12,당신들의 대한민국 1,"[('박노자 ', '(지은이)', '|')]"
2002,12,아마존에서 살아남기,"[('최덕희 (지은이), 강경효 ', '(그림)', '|')]"
2002,12,아이에게 행복을 주는 비결 1,"[('스티브 비덜프 (지은이), 전순영 ', '(옮긴이)', '|')]"
2002,12,이보영의 영어회화사전 (테이프 별매),"[('이보영 (지은이), 스캇 모틀릭, 스콧 피셔, Brian J. Stuart (감수) | 두산동아', '(참고서)', '|')]"
2002,12,무지개 물고기,"[('마르쿠스 피스터 (지은이), 공경희 ', '(옮긴이)', '|')]"
2002,12,이상한 화요일,"[('데이비드 위즈너 ', '(지은이)', '|')]"
2003,12,칭찬받은 쉬운 요리,"[('김혜경 ', '(지은이)', '|')]"
2003,12,호밀밭의 파수꾼,"[('제롬 데이비드 샐린저 (지은이), 공경희 ', '(옮긴이)', '|')]"
2003,12,창가의 토토,"[('구로야나기 테츠코 (지은이), 이와사키 치히로 (그림), 김난주 ', '(옮긴이)', '|')]"
2003,12,도대체 그 동안 무슨 일이 일어났을까?,"[('이호백 ', '(글)', '|')]"
2003,12,마법천자문 1,"[('스튜디오 시리얼 (지은이), 김창환 ', '(감수)', '|')]"
2003,12,내 이름은 삐삐 롱스타킹,"[('아스트리드 린드그렌 (지은이), 롤프 레티히 (그림), 햇살과나무꾼 ', '(옮긴이)', '|')]"
2003,12,야생초 편지,"[('황대권 ', '(지은이)', '|')]"
2003,12,칠판 앞에 나가기 싫어!,"[('다니엘 포세트 (지은이), 베로니크 보아리 (그림), 최윤정 ', '(옮긴이)', '|')]"
2003,12,"부자의 첫걸음, 종자돈 1억 만들기","[('김의경 ', '(지은이)', '|')]"
2003,12,못 말리는 종이괴물,"[('루이 트롱댕 (지은이), 김미선 ', '(옮긴이)', '|')]"
2003,12,여자와 남자,"[('박혜란 ', '(지은이)', '|')]"
2003,12,멍멍의사 선생님,"[('배빗 콜 ', '(지은이)', '|')]"
2003,12,심심해서 그랬어,"[('윤구병 (지은이), 이태수 ', '(그림)', '|')]"
2003,12,한국의 부자들,"[('한상복 ', '(지은이)', '|')]"
2003,12,싹싹싹,"[('하야시 아키코 (지은이), 하야시 아키코 ', '(그림)', '|')]"
2003,12,초대받은 아이들,"[('황선미 (지은이), 김진이 ', '(그림)', '|')]"
2003,12,나무는 좋다,"[('재니스 메이 우드리 (지은이), 마르크 시몽 (그림), 강무홍 ', '(옮긴이)', '|')]"
2003,12,내가 아빠를 얼마나 사랑하는지 아세요?,"[('샘 맥브래트니 (지은이), 아니타 제람 (그림), 김서정 ', '(옮긴이)', '|')]"
2003,12,삼미 슈퍼스타즈의 마지막 팬클럽,"[('박민규 ', '(지은이)', '|')]"
2003,12,연금술사,"[('파울로 코엘료 (지은이), 최정수 ', '(옮긴이)', '|')]"
2003,12,냉정과 열정사이 - 전2권 세트,"[('츠지 히토나리, 에쿠니 가오리 (지은이), 양억관, 김난주 ', '(옮긴이)', '|')]"
2003,12,누구 그림자일까?,"[('최숙희 ', '(지은이)', '|')]"
2003,12,열두 띠 동물 까꿍놀이 (보드북),"[('최숙희 ', '(지은이)', '|')]"
2003,12,삼국지 세트 - 전10권,"[('나관중 (지은이), 이문열 ', '(엮은이)', '|')]"
2003,12,종이 봉지 공주,"[('로버트 먼치 (지은이), 마이클 마르첸코 (그림), 김태희 ', '(옮긴이)', '|')]"
2003,12,손 큰 할머니의 만두 만들기,"[('채인선 (지은이), 이억배 ', '(그림)', '|')]"
2003,12,토마토 : 토익점수 마구 올려주는 토익 Listening - 테이프 6개 (책 별매),"[('오혜정 ', '(지은이)', '|')]"
2003,12,21세기 먼나라 이웃나라 세트 - 전9권,"[('이원복 ', '(지은이)', '|')]"
2003,12,손이 나왔네,"[('하야시 아키코 (지은이), 하야시 아키코 ', '(그림)', '|')]"
2003,12,30년 만에 부르는 커피 한 잔,"[('배인순 ', '(지은이)', '|')]"
2003,12,똥벼락,"[('김회경 (글), 조혜란 ', '(그림)', '|')]"
2003,12,메모의 기술,"[('사카토 켄지 (지은이), 고은진 ', '(옮긴이)', '|')]"
2003,12,신기한 스쿨버스 - 전10권 세트,"[('조애너 콜 (글), 브루스 디건 (그림), 이연수 ', '(옮긴이)', '|')]"
2003,12,"안돼, 데이빗!","[('데이빗 섀논 ', '(지은이)', '|')]"
2003,12,삼국지 세트 - 전10권,"[('나관중 (지은이), 왕훙시 (그림), 황석영 ', '(옮긴이)', '|')]"
2003,12,해리 포터 시리즈 1~4편 세트 - 전10권,"[('조앤 K. 롤링 (지은이), 김혜원, 최인자 ', '(옮긴이)', '|')]"
2003,12,마법의 설탕 두 조각,"[('미하엘 엔데 (지은이), 유혜자 ', '(옮긴이)', '|')]"
2003,12,삐뽀삐뽀 119 소아과 (개정11판),"[('하정훈 ', '(지은이)', '|')]"
2003,12,사라 1,"[('에스더 힉스, 제리 힉스 (지은이), 캐롤라인 가레트 (그림), 이미정 ', '(옮긴이)', '|')]"
2003,12,열두 살에 부자가 된 키라,"[('보도 섀퍼 (지은이), 신지원 (그림), 김준광 ', '(옮긴이)', '|')]"
2003,12,눈 오는 날,"[('에즈라 잭 키츠 (지은이), 김소희 ', '(옮긴이)', '|')]"
2003,12,이건희 개혁 10년,"[('김성홍, 우인호 ', '(지은이)', '|')]"
2003,12,배움의 도,"[('파멜라 메츠 (지은이), 이현주 ', '(옮긴이)', '|')]"
2003,12,해변의 카프카 (상),"[('무라카미 하루키 (지은이), 김춘미 ', '(옮긴이)', '|')]"
2003,12,"열하일기, 웃음과 역설의 유쾌한 시공간","[('고미숙 ', '(지은이)', '|')]"
2003,12,해커스 그래머 (Hackers Grammar),"[('David Cho ', '(지은이)', '|')]"
2003,12,모모,"[('미하엘 엔데 (지은이), 한미희 ', '(옮긴이)', '|')]"
2003,12,집 나가자 꿀꿀꿀,"[('야규 마치코 ', '(지은이)', '|')]"
2003,12,레오나르도 다빈치 최초의 과학자,"[('마이클 화이트 (지은이), 안인희 ', '(옮긴이)', '|')]"
2003,12,파페포포 투게더,"[('심승현 ', '(지은이)', '|')]"
2004,12,무지개 물고기,"[('마르쿠스 피스터 (지은이), 공경희 ', '(옮긴이)', '|')]"
2004,12,용서,"[('달라이 라마, 빅터 챈 (지은이), 류시화 ', '(옮긴이)', '|')]"
2004,12,목적이 이끄는 삶 (반양장),"[('릭 워렌 (지은이), 고성삼 ', '(옮긴이)', '|')]"
2004,12,폰더 씨의 위대한 하루,"[('앤디 앤드루스 (지은이), 이종인 ', '(옮긴이)', '|')]"
2004,12,찰리와 초콜릿 공장 (반양장),"[('로알드 달 (글), 퀀틴 블레이크 (그림), 지혜연 ', '(옮긴이)', '|')]"
2004,12,우리 몸의 구멍,"[('허은미 (글), 이혜리 (그림) | 길벗어린이', '(천둥거인)', '|')]"
2004,12,SERI 전망 2005,"[('황인성, 홍순영 ', '(엮은이)', '|')]"
2004,12,돼지책 (100쇄 기념판),"[('앤서니 브라운 (지은이), 허은미 ', '(옮긴이)', '|')]"
2004,12,해커스 토익 Listening (테이프 별매) (Hackers TOEIC Listening),"[('David Cho ', '(지은이)', '|')]"
2004,12,처음 만나는 우리 아기 이유식,"[('하정훈 ', '(지은이)', '|')]"
2004,12,삐뽀삐뽀 119 소아과 (개정11판),"[('하정훈 ', '(지은이)', '|')]"
2004,12,엄마 마중,"[('이태준 (글), 김동성 ', '(그림)', '|')]"
2004,12,크리스마스 선물,"[('존 버닝햄 (지은이), 이주령 ', '(옮긴이)', '|')]"
2004,12,강아지똥,"[('권정생 (글), 정승각 ', '(그림)', '|')]"
2004,12,열두 띠 동물 까꿍놀이 (보드북),"[('최숙희 ', '(지은이)', '|')]"
2004,12,고릴라,"[('앤서니 브라운 (지은이), 장은수 ', '(옮긴이)', '|')]"
2004,12,생존의 W이론,"[('이면우 ', '(지은이)', '|')]"
2004,12,노빈손의 좌충우돌 로마 오디세이 (책),"[('한희정, 강영숙 (지은이), 이우일 ', '(그림)', '|')]"
2004,12,11분,"[('파울로 코엘료 (지은이), 이상해 ', '(옮긴이)', '|')]"
2004,12,나의 생명 이야기,"[('김병종, 최재천, 황우석 ', '(지은이)', '|')]"
2004,12,토마토 : 토익점수 마구 올려주는 토익 Listening - 테이프 8개 (책 별매),"[('오혜정 ', '(지은이)', '|')]"
2004,12,"책문, 시대의 물음에 답하라","[('김태완 ', '(엮은이)', '|')]"
2004,12,잘 되는 병원에는 이유가 있다,"[('조현 ', '(지은이)', '|')]"
2004,12,나의 첫 지도책,"[('빌 보일 (지은이), 데이브 홉킨스 (그림), 장성희 (옮긴이), 이은실 (감수) | 북스캔', '(대교북스캔)', '|')]"
2004,12,너희가 책이다,"[('허병두 ', '(지은이)', '|')]"
2004,12,종이 봉지 공주,"[('로버트 먼치 (지은이), 마이클 마르첸코 (그림), 김태희 ', '(옮긴이)', '|')]"
2004,12,Hackers TOEFL Vocabulary (테이프 별매),"[('David Cho ', '(지은이)', '|')]"
2004,12,"10년 후, 한국","[('공병호 ', '(지은이)', '|')]"
2004,12,거의 모든 것의 역사,"[('빌 브라이슨 (지은이), 이덕환 ', '(옮긴이)', '|')]"
2004,12,해커스 토익 Listening 테이프 10개 (교재별매) (Hackers TOEIC Listening),"[('David Cho ', '(지은이)', '|')]"
2004,12,자녀의 성공은 부모의 말에 달려 있다,"[('유동준 ', '(지은이)', '|')]"
2004,12,냉정과 열정사이 - 전2권 세트,"[('츠지 히토나리, 에쿠니 가오리 (지은이), 양억관, 김난주 ', '(옮긴이)', '|')]"
2004,12,싹싹싹,"[('하야시 아키코 (지은이), 하야시 아키코 ', '(그림)', '|')]"
2004,12,"안돼, 데이빗!","[('데이빗 섀논 ', '(지은이)', '|')]"
2004,12,추방 - 전2권 세트,"[('앨런 폴섬 (지은이), 이창식 ', '(옮긴이)', '|')]"
2004,12,한국인을 위한 교양사전,"[('강준만 ', '(지은이)', '|')]"
2004,12,조제와 호랑이와 물고기들,"[('다나베 세이코 (지은이), 양억관 ', '(옮긴이)', '|')]"
2004,12,대한민국 사실은,"[('박대령 ', '(지은이)', '|')]"
2004,12,"조커, 학교 가기 싫을 때 쓰는 카드","[('수지 모건스턴 (지은이), 미레이유 달랑세 (그림), 김예령 ', '(옮긴이)', '|')]"
2004,12,산타 할아버지,"[('레이먼드 브리그스 (지은이), 박상희 ', '(옮긴이)', '|')]"
2004,12,칠판 앞에 나가기 싫어!,"[('다니엘 포세트 (지은이), 베로니크 보아리 (그림), 최윤정 ', '(옮긴이)', '|')]"
2004,12,2005 시간기록장,"[('정헌재 ', '(지은이)', '|')]"
2004,12,버드나무에 부는 바람,"[('케네스 그레이엄 (지은이), 어니스트 하워드 쉐퍼드 (그림), 신수진 ', '(옮긴이)', '|')]"
2004,12,10억 오르는 아파트 고르는 법,"[('최정환 ', '(지은이)', '|')]"
2004,12,산에서 살아남기,[]
2004,12,공부 9단 오기 10단,"[('박원희 ', '(지은이)', '|')]"
2004,12,눈 오는 날,"[('에즈라 잭 키츠 (지은이), 김소희 ', '(옮긴이)', '|')]"
2004,12,이익훈 Eye of the TOEIC,"[('이익훈 ', '(지은이)', '|')]"
2004,12,"핑거포스트, 1663 1","[('이언 피어스 (지은이), 김석희 ', '(옮긴이)', '|')]"
2004,12,내 영혼이 따뜻했던 날들,"[('포리스트 카터 (지은이), 조경숙 ', '(옮긴이)', '|')]"
2005,12,돼지책 (100쇄 기념판),"[('앤서니 브라운 (지은이), 허은미 ', '(옮긴이)', '|')]"
2005,12,대담,"[('도정일, 최재천 ', '(지은이)', '|')]"
2005,12,화가 나는 건 당연해!,"[('미셸린느 먼디 (지은이), R. W. 앨리 (그림), 노은정 ', '(옮긴이)', '|')]"
2005,12,사진과 그림으로 보는 한국사 편지 - 전5권,"[('박은봉 ', '(지은이)', '|')]"
2005,12,사랑 후에 오는 것들,"[('공지영 ', '(지은이)', '|')]"
2005,12,호밀밭의 파수꾼,"[('제롬 데이비드 샐린저 (지은이), 공경희 ', '(옮긴이)', '|')]"
2005,12,아낌없이 주는 나무 (어린이용),"[('셸 실버스타인 ', '(지은이)', '|')]"
2005,12,우리들의 행복한 시간,"[('공지영 ', '(지은이)', '|')]"
2005,12,해리 포터와 혼혈왕자 2 (무선),"[('J.K. 롤링 (지은이), 최인자 ', '(옮긴이)', '|')]"
2005,12,왜 나는 너를 사랑하는가 (반양장),"[('알랭 드 보통 (지은이), 정영목 ', '(옮긴이)', '|')]"
2005,12,세계명화 비밀,"[('모니카 봄 두첸 (지은이), 김현우 ', '(옮긴이)', '|')]"
2005,12,기차 ㄱ ㄴ ㄷ,"[('박은영 (글), 박은영 ', '(그림)', '|')]"
2005,12,기발한 자살 여행,"[('아르토 파실린나 (지은이), 김인순 ', '(옮긴이)', '|')]"
2005,12,난 토마토 절대 안 먹어,"[('로렌 차일드 (지은이), 조은수 ', '(옮긴이)', '|')]"
2005,12,나쁜 어린이표,"[('황선미 (글), 권사우 ', '(그림)', '|')]"
2005,12,책만 보는 바보,"[('안소영 ', '(지은이)', '|')]"
2005,12,칭찬은 고래도 춤추게 한다,"[('켄 블랜차드, 타드 라시나크, 처크 톰킨스, 짐 발라드 (지은이), 조천제 ', '(옮긴이)', '|')]"
2005,12,잃어버린 여행가방,"[('박완서 ', '(지은이)', '|')]"
2005,12,우리 몸의 구멍,"[('허은미 (글), 이혜리 (그림) | 길벗어린이', '(천둥거인)', '|')]"
2005,12,"과자, 내 아이를 해치는 달콤한 유혹","[('안병수 (지은이) | 국일미디어', '(국일출판사)', '|')]"
2005,12,살아있는 한국사 교과서 1,"[('전국역사교사모임 ', '(엮은이)', '|')]"
2005,12,언제까지나 너를 사랑해,"[('로버트 먼치 (지은이), 안토니 루이스 (그림), 김숙 ', '(옮긴이)', '|')]"
2005,12,진주 귀고리 소녀,"[('트레이시 슈발리에 (지은이), 양선아 ', '(옮긴이)', '|')]"
2005,12,서른살 경제학,"[('유병률 ', '(지은이)', '|')]"
2005,12,교양 있는 우리 아이를 위한 세계역사 이야기 1~5 세트 - 전5권 (양장본),"[('수잔 와이즈 바우어 (지은이), 정병수 (그림), 이계정 ', '(옮긴이)', '|')]"
2005,12,해커스 토익 Listening (테이프 별매) (Hackers TOEIC Listening),"[('David Cho ', '(지은이)', '|')]"
2005,12,해리 포터와 혼혈왕자 1 (무선),"[('J.K. 롤링 (지은이), 최인자 ', '(옮긴이)', '|')]"
2005,12,살아있는 한국사 교과서 2,"[('전국역사교사모임 ', '(엮은이)', '|')]"
2005,12,똑똑한 만화 교과서 속담편,"[('문향숙 (지은이), 유남영 (그림) | 북스캔', '(대교북스캔)', '|')]"
2005,12,창가의 토토,"[('구로야나기 테츠코 (지은이), 이와사키 치히로 (그림), 김난주 ', '(옮긴이)', '|')]"
2005,12,사자와 마녀와 옷장,"[('C. S. 루이스 (지은이), 폴린 베인즈 (그림), 햇살과나무꾼 ', '(옮긴이)', '|')]"
2005,12,세계는 지금 이런 인재를 원한다,"[('조세미 ', '(지은이)', '|')]"
2005,12,지진에서 살아남기,"[('코믹컴 (글), 문정후 ', '(그림)', '|')]"
2005,12,꼭꼭 숨어라,"[('기도 반 게네흐텐 (지은이), 서남희 (옮긴이) | 한울림어린이', '(한울림)', '|')]"
2005,12,세 명의 사기꾼,"[('스피노자의 정신 (지은이), 성귀수 ', '(옮긴이)', '|')]"
2005,12,똑똑한 아이로 만들어 주는 그리기 100선,"[('서연아동발달연구소, 홍승화 ', '(지은이)', '|')]"
2005,12,무지개 물고기,"[('마르쿠스 피스터 (지은이), 공경희 ', '(옮긴이)', '|')]"
2005,12,쏘주 한 잔 합시다,"[('유용주 (지은이) | 큰나', '(시와시학사)', '|')]"
2005,12,앤서니 브라운의 킹콩,"[('앤서니 브라운 ', '(지은이)', '|')]"
2005,12,꿈이 있다면 세상은 네 편이다,"[('신희정 ', '(지은이)', '|')]"
2005,12,어린이 세계풍물지리백과,"[('마르쿠스 뷔름리, 우테 프리젠 (지은이), 임정희 (옮긴이) | 북스캔', '(대교북스캔)', '|')]"
2005,12,내 영혼이 따뜻했던 날들,"[('포리스트 카터 (지은이), 조경숙 ', '(옮긴이)', '|')]"
2005,12,잔소리 없는 날,"[('안네마리 노르덴 (지은이), 정진희 (그림), 배정희 ', '(옮긴이)', '|')]"
2005,12,리디아의 정원,"[('사라 스튜어트 (글), 데이비드 스몰 (그림), 이복희 ', '(옮긴이)', '|')]"
2005,12,폰더 씨의 위대한 하루,"[('앤디 앤드루스 (지은이), 이종인 ', '(옮긴이)', '|')]"
2005,12,해리 포터와 불의 잔 1 (무선),"[('J.K. 롤링 (지은이), 최인자 ', '(옮긴이)', '|')]"
2005,12,스키너의 심리상자 열기,"[('로렌 슬레이터 (지은이), 조증열 ', '(옮긴이)', '|')]"
2005,12,페미니즘의 도전,"[('정희진 ', '(지은이)', '|')]"
2005,12,강아지똥,"[('권정생 (글), 정승각 ', '(그림)', '|')]"
2005,12,미쳐야 미친다,"[('정민 ', '(지은이)', '|')]"
2006,12,모모,"[('미하엘 엔데 (지은이), 한미희 ', '(옮긴이)', '|')]"
2006,12,우체부 아저씨와 크리스마스,"[('앨런 앨버그 (지은이), 자넷 앨버그 (그림), 김상욱 (옮긴이) | 미래아이', '(미래M&B,미래엠앤비)', '|')]"
2006,12,수학 귀신,"[('한스 마그누스 엔첸스베르거 (지은이), 고영아 ', '(옮긴이)', '|')]"
2006,12,틀려도 괜찮아,"[('마키타 신지 (지은이), 하세가와 토모코 (그림), 유문조 ', '(옮긴이)', '|')]"
2006,12,악마는 프라다를 입는다 - 전2권 세트,"[('로렌 와이스버거 (지은이), 서남희 ', '(옮긴이)', '|')]"
2006,12,그램그램 영문법 원정대 1,"[('어필 프로젝트 ', '(그림)', '|')]"
2006,12,해커스 토익 Listening (책 + CD 1장) (테이프 별매) (Hackers TOEIC Listening),"[('David Cho ', '(지은이)', '|')]"
2006,12,잔소리 없는 날,"[('안네마리 노르덴 (지은이), 정진희 (그림), 배정희 ', '(옮긴이)', '|')]"
2006,12,천재를 뛰어넘은 77인의 연습벌레들,"[('박성철 (지은이), 박기종 ', '(그림)', '|')]"
2006,12,"칼리 피오리나, 힘든 선택들","[('칼리 피오리나 (지은이), 공경희 ', '(옮긴이)', '|')]"
2006,12,책 먹는 여우,"[('프란치스카 비어만 (지은이), 김경연 ', '(옮긴이)', '|')]"
2006,12,중학생이 되기 전에 꼭 읽어야 할 만화 과학 교과서 1,"[('고윤곤 (지은이), 현종오 (감수) | 스콜라', '(위즈덤하우스)', '|')]"
2006,12,누가 내 머리에 똥 쌌어?,"[('베르너 홀츠바르트 (글), 볼프 에를브루흐 ', '(그림)', '|')]"
2006,12,프린세스 마법의 주문,"[('아네스 안 ', '(지은이)', '|')]"
2006,12,연금술사,"[('파울로 코엘료 (지은이), 최정수 ', '(옮긴이)', '|')]"
2006,12,"16살, 네 꿈이 평생을 결정한다 1","[('김재헌 (지은이) | 팝콘북스', '(다산북스)', '|')]"
2006,12,스키너의 심리상자 열기,"[('로렌 슬레이터 (지은이), 조증열 ', '(옮긴이)', '|')]"
2006,12,입이 큰 개구리,"[('키스 포크너 (지은이), 조나단 램버트 (그림), 정채민 ', '(옮긴이)', '|')]"
2006,12,토익이 가벼워지는 토마토 BASIC L/C (테이프 별매),"[('김묘희, 이성희, 김수현 ', '(지은이)', '|')]"
2006,12,박경미의 수학 콘서트,"[('박경미 ', '(지은이)', '|')]"
2006,12,언젠가 기억에서 사라진다 해도,"[('에쿠니 가오리 (지은이), 김난주 ', '(옮긴이)', '|')]"
2006,12,국가의 역할,"[('장하준 (지은이), 이종태, 황해선 ', '(옮긴이)', '|')]"
2006,12,수수께끼를 좋아하는 아이,"[('마쓰오카 교코 (글), 오코소 레이코 (그림), 김숙 ', '(옮긴이)', '|')]"
2006,12,조선을 뒤흔든 16가지 살인사건,"[('이수광 (지은이) | 다산초당', '(다산북스)', '|')]"
2006,12,강의,"[('신영복 ', '(지은이)', '|')]"
2006,12,현명한 부모는 자신의 행복을 먼저 선택한다,"[('신의진 ', '(지은이)', '|')]"
2006,12,기차 ㄱ ㄴ ㄷ,"[('박은영 (글), 박은영 ', '(그림)', '|')]"
2006,12,네버랜드,"[('온다 리쿠 (지은이), 권영주 (옮긴이) | 국일미디어', '(국일출판사)', '|')]"
2006,12,마법천자문 10,"[('스튜디오 시리얼 (지은이), 김창환 ', '(감수)', '|')]"
2006,12,딸은 좋다,"[('채인선 (지은이), 김은정 (그림) | 한울림어린이', '(한울림)', '|')]"
2006,12,마법의 설탕 두 조각,"[('미하엘 엔데 (지은이), 유혜자 ', '(옮긴이)', '|')]"
2006,12,초정리 편지,"[('배유안 (지은이), 홍선주 ', '(그림)', '|')]"
2006,12,경제학 콘서트,"[('팀 하포드 (지은이), 김명철 ', '(옮긴이)', '|')]"
2006,12,"10대, 꿈에도 전략이 필요하다","[('황성주 ', '(지은이)', '|')]"
2006,12,새로운 인생,"[('오르한 파묵 (지은이), 이난아 ', '(옮긴이)', '|')]"
2006,12,영어만은 꼭 유산으로 물려주자!,"[('공병호 ', '(지은이)', '|')]"
2006,12,Stop! 2 : 동물들의 가족 만들기,"[('김산하 (글), 김한민 ', '(그림)', '|')]"
2006,12,브라질에서 보물찾기,"[('곰돌이 co. (지은이), 강경효 ', '(그림)', '|')]"
2006,12,아름다운 가치 사전,"[('채인선 (지은이), 김은정 (그림) | 한울림어린이', '(한울림)', '|')]"
2006,12,마인드 세트,"[('존 나이스비트 (지은이), 안진환, 박슬라 ', '(옮긴이)', '|')]"
2006,12,참말로 좋은 날,"[('성석제 ', '(지은이)', '|')]"
2006,12,아내의 미소,"[('주부의 벗 ', '(엮은이)', '|')]"
2006,12,대한민국사 4,"[('한홍구 ', '(지은이)', '|')]"
2006,12,파이 이야기,"[('얀 마텔 (지은이), 공경희 ', '(옮긴이)', '|')]"
2006,12,언제까지나 너를 사랑해,"[('로버트 먼치 (지은이), 안토니 루이스 (그림), 김숙 ', '(옮긴이)', '|')]"
2006,12,주식에 돈을 묻어라,"[('정종태 ', '(지은이)', '|')]"
2006,12,Stop! 3 : 동물들이 이야기하는 법,"[('김산하 (글), 김한민 ', '(그림)', '|')]"
2006,12,아내를 모자로 착각한 남자,"[('올리버 색스 (지은이), 조석현 ', '(옮긴이)', '|')]"
2006,12,철학카페에서 문학읽기,"[('김용규 ', '(지은이)', '|')]"
2006,12,웃지마! 나 영어책이야,"[('문덕 ', '(지은이)', '|')]"
2007,12,떨림,"[('고운기, 고형렬, 공광규, 권대웅, 김용택, 도종환, 문정희, 박주택, 박형준, 서석화, 안도현, 이재무, 원재훈, 장석주, 정호승, 조윤희, 조은, 천양희, 황인숙, 권태현, 문태준, 황학주, 유정이 (지은이), 하정민 ', '(그림)', '|')]"
2007,12,바보처럼 공부하고 천재처럼 꿈꿔라,"[('신웅진 ', '(지은이)', '|')]"
2007,12,실패를 두려워 말고 1등에 도전하라,"[('김대환, 손현석 (지은이) | 메가트렌드', '(문이당)', '|')]"
2007,12,만들어진 신,"[('리처드 도킨스 (지은이), 이한음 ', '(옮긴이)', '|')]"
2007,12,지식 e - 시즌 1,"[('EBS 지식채널ⓔ 제작팀 ', '(엮은이)', '|')]"
2007,12,청소부 밥,"[('토드 홉킨스, 레이 힐버트 (지은이), 신윤경 ', '(옮긴이)', '|')]"
2007,12,부릉부릉 자동차가 좋아,"[('리처드 스캐리 (지은이), 황윤영 ', '(옮긴이)', '|')]"
2007,12,노빈손의 두근두근 미국 횡단기,"[('한희정 (지은이), 이우일 ', '(그림)', '|')]"
2007,12,"이원복 교수의 와인의 세계, 세계의 와인 1","[('이원복 ', '(지은이)', '|')]"
2007,12,명랑한 밤길,"[('공선옥 ', '(지은이)', '|')]"
2007,12,해커스 토익 Listening (책 + CD 1장) (테이프 별매) (Hackers TOEIC Listening),"[('David Cho ', '(지은이)', '|')]"
2007,12,먹히는 말,"[('프랭크 런츠 (지은이), 채은진, 이화신 ', '(옮긴이)', '|')]"
2007,12,비서처럼 하라,"[('조관일 ', '(지은이)', '|')]"
2007,12,뉴 토익이 가벼워지는 토마토 BASIC R/C (책 + 단어장),"[('이성룡, 김지연, 이보영 ', '(지은이)', '|')]"
2007,12,몰입 - 인생을 바꾸는 자기 혁명,"[('황농문 ', '(지은이)', '|')]"
2007,12,마법천자문 1,"[('스튜디오 시리얼 (지은이), 김창환 ', '(감수)', '|')]"
2007,12,"한비자, 권력의 기술","[('이상수 ', '(지은이)', '|')]"
2007,12,고슴도치의 우아함,"[('뮈리엘 바르베리 (지은이), 김관오 ', '(옮긴이)', '|')]"
2007,12,어린이를 위한 시크릿,"[('윤태익, 김현태 (지은이), 한재홍 (그림), 강성남 ', '(만화)', '|')]"
2007,12,거위 치는 프린세스,"[('섀넌 헤일 (지은이), 이혜진 (그림), 공경희 ', '(옮긴이)', '|')]"
2007,12,21세기에는 지켜야 할 자존심,[]
2007,12,"착한 인생, 당신에게 배웁니다","[('박경철 ', '(지은이)', '|')]"
2007,12,마법의 설탕 두 조각,"[('미하엘 엔데 (지은이), 유혜자 ', '(옮긴이)', '|')]"
2007,12,모모,"[('미하엘 엔데 (지은이), 한미희 ', '(옮긴이)', '|')]"
2007,12,해피어,"[('탈 벤 샤하르 (지은이), 노혜숙 ', '(옮긴이)', '|')]"
2007,12,달님 안녕,"[('하야시 아키코 ', '(지은이)', '|')]"
2007,12,보험회사가 당신에게 알려주지 않는 진실,"[('김미숙 ', '(지은이)', '|')]"
2007,12,육일약국 갑시다,"[('김성오 ', '(지은이)', '|')]"
2007,12,"39세 100억, 젊은 부자가 되는 7가지 방법","[('이진우 ', '(지은이)', '|')]"
2007,12,배효숙의 누가 만들어도 참 쉬운 옷.소품 DIY,"[('배효숙 ', '(지은이)', '|')]"
2007,12,마법천자문 고사성어 1,"[('김주희 ', '(지은이)', '|')]"
2007,12,틀려도 괜찮아,"[('마키타 신지 (지은이), 하세가와 토모코 (그림), 유문조 ', '(옮긴이)', '|')]"
2007,12,어린이 살아있는 한국사 교과서 - 전5권 세트,[]
2007,12,깜짝깜짝! 색깔들,"[('척 머피 ', '(지은이)', '|')]"
2007,12,마법천자문 10,"[('스튜디오 시리얼 (지은이), 김창환 ', '(감수)', '|')]"
2007,12,금융회사가 당신에게 알려주지 않는 진실,"[('송승용 ', '(지은이)', '|')]"
2007,12,삐뽀삐뽀 119 소아과 (개정11판),"[('하정훈 ', '(지은이)', '|')]"
2007,12,왜 세계의 절반은 굶주리는가?,[]
2007,12,내려놓음,"[('이용규 (지은이) | 규장', '(규장문화사)', '|')]"
2007,12,홀리 가든,"[('에쿠니 가오리 (지은이), 김난주 ', '(옮긴이)', '|')]"
2007,12,토익이 가벼워지는 토마토 BASIC L/C (테이프 별매),"[('김묘희, 이성희, 김수현 ', '(지은이)', '|')]"
2007,12,우주에서 살아남기 1,"[('코믹컴 (지은이), 네모 ', '(그림)', '|')]"
2007,12,불을 꺼 봐요!,"[('리처드 파울러 (지은이), 서남희 ', '(옮긴이)', '|')]"
2007,12,어린이를 위한 마시멜로 이야기,"[('호아킴 데 포사다 (지은이), 임정진 (글), 신명환, 원유미 ', '(그림)', '|')]"
2007,12,연금술사,"[('파울로 코엘료 (지은이), 최정수 ', '(옮긴이)', '|')]"
2007,12,스피드 리딩 Speed Reading,"[('신효상, 이수영 ', '(지은이)', '|')]"
2007,12,만화 마키아벨리 군주론,"[('윤원근 (지은이), 조진옥 (그림), 손영운 ', '(감수)', '|')]"
2007,12,한국사 상식 바로잡기,"[('박은봉 ', '(지은이)', '|')]"
2007,12,지도 밖으로 행군하라,"[('한비야 ', '(지은이)', '|')]"
2007,12,그대를 사랑합니다 1,"[('강풀 ', '(지은이)', '|')]"
2008,12,내일은 실험왕 8,"[('곰돌이 co. (지은이), 홍종현 ', '(그림)', '|')]"
2008,12,바보처럼 공부하고 천재처럼 꿈꿔라,"[('신웅진 ', '(지은이)', '|')]"
2008,12,개념어 사전,"[('남경태 ', '(지은이)', '|')]"
2008,12,지식 e - 시즌 1,"[('EBS 지식채널ⓔ 제작팀 ', '(엮은이)', '|')]"
2008,12,2009 공황전야 (확장판),"[('서지우 ', '(지은이)', '|')]"
2008,12,나나의 네버엔딩 스토리,"[('금나나, 최지현 ', '(지은이)', '|')]"
2008,12,스웨터,"[('글렌 벡 (지은이), 김지현 ', '(옮긴이)', '|')]"
2008,12,사진과 그림으로 보는 한국사 편지 - 전5권,"[('박은봉 ', '(지은이)', '|')]"
2008,12,치유하는 글쓰기,"[('박미라 ', '(지은이)', '|')]"
2008,12,꿈꾸는 다락방,"[('이지성 (지은이) | 국일미디어', '(국일출판사)', '|')]"
2008,12,회계학 콘서트,"[('하야시 아쓰무 (지은이), 박종민 (옮긴이), 김항규 ', '(감수)', '|')]"
2008,12,마이 시스터즈 키퍼 - 쌍둥이별,"[('조디 피콜트 (지은이), 곽영미 ', '(옮긴이)', '|')]"
2008,12,책 먹는 여우,"[('프란치스카 비어만 (지은이), 김경연 ', '(옮긴이)', '|')]"
2008,12,해커스 토익 스타트 Reading (Hackers TOEIC Start Reading) (무료동영상강의),"[('David Cho ', '(지은이)', '|')]"
2008,12,365 창의력 만들기 대백과,"[('피오나 와트 (지은이), 에리카 해리슨 (그림), 김정미 ', '(옮긴이)', '|')]"
2008,12,키리고에 저택 살인사건,"[('아야츠지 유키토 (지은이), 한희선 ', '(옮긴이)', '|')]"
2008,12,수요일의 전쟁,"[('게리 D. 슈미트 (지은이), 김영선 (옮긴이) | 주니어RHK', '(주니어랜덤)', '|')]"
2008,12,완득이,"[('김려령 ', '(지은이)', '|')]"
2008,12,스케치 쉽게 하기 - 기초 드로잉,"[('김충원 (지은이) | 진선북스', '(진선출판사)', '|')]"
2008,12,로드,"[('코맥 매카시 (지은이), 정영목 ', '(옮긴이)', '|')]"
2008,12,인생 수업,"[('엘리자베스 퀴블러 로스, 데이비드 케슬러 (지은이), 류시화 ', '(옮긴이)', '|')]"
2008,12,셜록 홈즈 미공개 사건집,"[('존 딕슨 카, 에이드리언 코난 도일 (지은이), 권일영 ', '(옮긴이)', '|')]"
2008,12,"20대, 나만의 무대를 세워라","[('유수연 ', '(지은이)', '|')]"
2008,12,문단열의 자동암기 영어회화 1,"[('문단열 ', '(지은이)', '|')]"
2008,12,내 아이를 위한 사랑의 기술,"[('존 가트맨 (지은이), 남은영 ', '(감수)', '|')]"
2008,12,시골의사의 주식투자란 무엇인가 1,"[('박경철 ', '(지은이)', '|')]"
2008,12,ENGLISH ICEBREAK ADVANCED,"[('Ramiro Garcia, 제임스 J. 애셔, BaEsic Contents House (지은이) | Watermelon', '(워터메론)', '|')]"
2008,12,The Answer 해답,"[('존 아사라프, 머레이 스미스 (지은이), 이경식 ', '(옮긴이)', '|')]"
2008,12,아내가 결혼했다,"[('박현욱 ', '(지은이)', '|')]"
2008,12,오바마 아저씨의 꿈의 힘,"[('박성철 (지은이), 이종옥 ', '(그림)', '|')]"
2008,12,다윈 원정대,"[('시모나 체라토 (지은이), 친지아 길리아노 (그림), 오희 (옮긴이), 마이크 스트뤽 (사진), 유병선 (감수) | 동아M&B', '(과학동아북스)', '|')]"
2008,12,구해줘,"[('기욤 뮈소 (지은이), 윤미연 ', '(옮긴이)', '|')]"
2008,12,개를 훔치는 완벽한 방법,"[('바바라 오코너 (지은이), 신선해 ', '(옮긴이)', '|')]"
2008,12,디테일의 힘,"[('왕중추 (지은이), 허유영 ', '(옮긴이)', '|')]"
2008,12,ENGLISH ICEBREAK INTERMEDIATE,"[('Ramiro Garcia, 제임스 J. 애셔, BaEsic Contents House (지은이) | Watermelon', '(워터메론)', '|')]"
2008,12,프루스트를 좋아하세요,"[('알랭 드 보통 (지은이), 지주형 ', '(옮긴이)', '|')]"
2008,12,예수 없는 예수 교회,"[('한완상 ', '(지은이)', '|')]"
2008,12,구름빵,"[('백희나 ', '(지은이)', '|')]"
2008,12,나는 침뜸으로 승부한다,"[('김남수 ', '(지은이)', '|')]"
2008,12,제7의 감각,"[('윌리엄 더건 (지은이), 윤미나 (옮긴이), 황상민, 박찬구 ', '(감수)', '|')]"
2008,12,지식 e - 시즌 3,"[('EBS 지식채널ⓔ 제작팀 ', '(지은이)', '|')]"
2008,12,무지개 원리,"[('차동엽 (지은이), 김복태 (그림) | 동이', '(위즈앤비즈)', '|')]"
2008,12,괜찮아,"[('최숙희 ', '(지은이)', '|')]"
2008,12,리스크,"[('피터 L. 번스타인 (지은이), 안진환 ', '(옮긴이)', '|')]"
2008,12,이상한 놀이공원,"[('앤서니 브라운 (지은이), 김향금 ', '(옮긴이)', '|')]"
2008,12,엽기 과학자 프래니 7,"[('짐 벤튼 (지은이), 박수현 ', '(옮긴이)', '|')]"
2008,12,짧은 귀 토끼,"[('다원시 (지은이), 탕탕 (그림), 심윤섭 ', '(옮긴이)', '|')]"
2008,12,수학의 神신 엄마가 만든다,"[('임미성 ', '(지은이)', '|')]"
2008,12,"엄마, 난 도망갈 거야 (보드북)","[('마거릿 와이즈 브라운 (지은이), 클레먼트 허드 (그림), 신형건 ', '(옮긴이)', '|')]"
2008,12,한권으로 읽는 조선왕조실록,"[('박영규 ', '(지은이)', '|')]"
2009,12,백야행 2,"[('히가시노 게이고 (지은이), 정태원 ', '(옮긴이)', '|')]"
2009,12,100층짜리 집,"[('이와이 도시오 (지은이), 김숙 ', '(옮긴이)', '|')]"
2009,12,백야행 3,"[('히가시노 게이고 (지은이), 정태원 ', '(옮긴이)', '|')]"
2009,12,백야행 1,"[('히가시노 게이고 (지은이), 정태원 ', '(옮긴이)', '|')]"
2009,12,경제학 3.0,"[('김광수 ', '(지은이)', '|')]"
2009,12,나쁜 사마리아인들,"[('장하준 (지은이), 이순희 ', '(옮긴이)', '|')]"
2009,12,슈퍼 괴짜경제학,"[('스티븐 레빗, 스티븐 더브너 (지은이), 안진환 ', '(옮긴이)', '|')]"
2009,12,파페포포 레인보우,"[('심승현 ', '(지은이)', '|')]"
2009,12,네가 어떤 삶을 살든 나는 너를 응원할 것이다,"[('공지영 ', '(지은이)', '|')]"
2009,12,책 속으로 들어간 공룡,"[('송윤섭 (지은이), 서영경 ', '(그림)', '|')]"
2009,12,죽은 왕녀를 위한 파반느,"[('박민규 ', '(지은이)', '|')]"
2009,12,책만 보는 바보,"[('안소영 ', '(지은이)', '|')]"
2009,12,천국의 우편배달부,[]
2009,12,멀리 가려면 함께 가라,"[('이종선 ', '(지은이)', '|')]"
2009,12,해커스 토익 Listening (테이프 별매) (Hackers TOEIC Listening) (책 + 무료 토익모의고사 + 받아쓰기CD + 단어암기mp3 + 단어암기장 + 해설서),"[('David Cho ', '(지은이)', '|')]"
2009,12,내 영혼이 따뜻했던 날들,"[('포리스트 카터 (지은이), 조경숙 ', '(옮긴이)', '|')]"
2009,12,지식 e - 시즌 5,"[('EBS 지식채널ⓔ ', '(지은이)', '|')]"
2009,12,시크릿,"[('론다 번 (지은이), 김우열 ', '(옮긴이)', '|')]"
2009,12,빌 브라이슨 발칙한 유럽산책,"[('빌 브라이슨 (지은이), 권상미 ', '(옮긴이)', '|')]"
2009,12,플루토 Pluto 8,"[('데즈카 오사무 (지은이), 우라사와 나오키 (그림) | 서울미디어코믹스', '(서울문화사)', '|')]"
2009,12,해커스 토익 스타트 Listening (Hackers TOEIC Start Listening),"[('David Cho ', '(지은이)', '|')]"
2009,12,빈센트 반 고흐 Vincent van Gogh (아몬드꽃 표지),"[('빈센트 반 고흐 (지은이), H. 안나 수 (엮은이), 이창실 ', '(옮긴이)', '|')]"
2009,12,셜록 홈즈 전집 양장 세트 - 전9권 (2판),"[('아서 코난 도일 (지은이), 백영미 ', '(옮긴이)', '|')]"
2009,12,알몸으로 학교 간 날,"[('타이-마르크 르탄 (지은이), 벵자맹 쇼 (그림), 이주희 ', '(옮긴이)', '|')]"
2009,12,모험도감,"[('사토우치 아이 (지은이), 마츠오카 다츠히데 (그림), 김창원 (옮긴이) | 진선북스', '(진선출판사)', '|')]"
2009,12,시크릿 실천법,"[('존 디마티니 (지은이), 한수영 ', '(옮긴이)', '|')]"
2009,12,버터 계란 없이 만든 채식 베이킹,"[('박지영 ', '(지은이)', '|')]"
2009,12,시원스쿨 기초 영어법,"[('이시원 ', '(지은이)', '|')]"
2009,12,삐뽀삐뽀 119 소아과 (개정11판),"[('하정훈 ', '(지은이)', '|')]"
2009,12,뉴문 특별판,"[('스테프니 메이어 (지은이), 변용란 ', '(옮긴이)', '|')]"
2009,12,자연식 밥상,"[('김옥경 (지은이) | 동녘라이프', '(친구미디어)', '|')]"
2009,12,한국사 편지 세트 - 전5권,"[('박은봉 (지은이), 류동필 ', '(그림)', '|')]"
2009,12,지도 밖으로 행군하라,"[('한비야 ', '(지은이)', '|')]"
2009,12,깐깐한 독서본능,"[('윤미화 ', '(지은이)', '|')]"
2009,12,메시지 신약,"[('유진 피터슨 (지은이), 이종태, 김순현, 윤종석 (옮긴이), 김영봉 ', '(감수)', '|')]"
2009,12,박완서 동화집 나 어릴 적에,"[('박완서 (지은이), 김재홍 ', '(그림)', '|')]"
2009,12,"쫄지 마, 형사절차!","[('민주사회를 위한 변호사모임 ', '(지은이)', '|')]"
2009,12,"과자, 내 아이를 해치는 달콤한 유혹 2","[('안병수 (지은이) | 국일미디어', '(국일출판사)', '|')]"
2009,12,크로스 : 정재승 + 진중권,"[('진중권, 정재승 ', '(지은이)', '|')]"
2009,12,세계사를 움직이는 다섯 가지 힘,"[('사이토 다카시 (지은이), 홍성민 ', '(옮긴이)', '|')]"
2009,12,은행의 사생활,"[('박혜정 ', '(지은이)', '|')]"
2009,12,사랑해 모두모두 사랑해,"[('매리언 데인 바우어 (지은이), 캐롤라인 제인 처치 (그림), 신형건 ', '(옮긴이)', '|')]"
2009,12,세계의 끝 여자친구,"[('김연수 ', '(지은이)', '|')]"
2009,12,용의자 X의 헌신,"[('히가시노 게이고 (지은이), 양억관 ', '(옮긴이)', '|')]"
2009,12,아이리스 IRIS 2,"[('채우도 ', '(지은이)', '|')]"
2009,12,성균관 유생들의 나날 1,"[('정은궐 (지은이) | 파란', '(파란미디어)', '|')]"
2009,12,유진’s 뷰티 시크릿,"[('유진 ', '(지은이)', '|')]"
2009,12,우리 아빠가 최고야,"[('앤서니 브라운 (지은이), 최윤정 (옮긴이) | 킨더랜드', '(킨더주니어)', '|')]"
2009,12,일본의 작은 마을,"[('서순정 ', '(지은이)', '|')]"
2009,12,꿈꾸는 다락방,"[('이지성 (지은이) | 국일미디어', '(국일출판사)', '|')]"
2010,12,너를 만나 행복해!,"[('나라 요시토모 (지은이), 배주영 ', '(옮긴이)', '|')]"
2010,12,SERI 전망 2011,"[('권순우, 신창목 ', '(지은이)', '|')]"
2010,12,똑똑한 그림책,"[('오니시 사토루 ', '(지은이)', '|')]"
2010,12,유년기의 끝,"[('아서 C. 클라크 (지은이), 정영목 ', '(옮긴이)', '|')]"
2010,12,지하 100층짜리 집,"[('이와이 도시오 (지은이), 김숙 ', '(옮긴이)', '|')]"
2010,12,책 읽는 도깨비,"[('이상배 (글), 백명식 ', '(그림)', '|')]"
2010,12,더블 - 전2권,"[('박민규 ', '(지은이)', '|')]"
2010,12,1Q84 2,"[('무라카미 하루키 (지은이), 양윤옥 ', '(옮긴이)', '|')]"
2010,12,언더그라운드,"[('무라카미 하루키 (지은이), 양억관 ', '(옮긴이)', '|')]"
2010,12,촘스키처럼 생각하는 법,"[('노르망 바야르종 (지은이), 강주헌 ', '(옮긴이)', '|')]"
2010,12,해커스 토익 스타트 Listening (Hackers TOEIC Start Listening),"[('David Cho ', '(지은이)', '|')]"
2010,12,왜 도덕인가?,"[('마이클 샌델 (지은이), 안진환, 이수경 ', '(옮긴이)', '|')]"
2010,12,살아 있는 것은 다 행복하라,"[('법정(法頂) (지은이), 류시화 (엮은이) | 조화로운삶', '(위즈덤하우스)', '|')]"
2010,12,소희의 방,"[('이금이 ', '(지은이)', '|')]"
2010,12,리영희 평전,"[('김삼웅 (지은이) | 책으로보는세상', '(책보세)', '|')]"
2010,12,우리가 보낸 순간 세트 - 전2권,"[('김연수 ', '(지은이)', '|')]"
2010,12,넛지,[]
2010,12,존 아저씨의 꿈의 목록,"[('존 고다드 (지은이), 이종옥 (그림), 임경현 ', '(옮긴이)', '|')]"
2010,12,꿈꾸는 다락방,"[('이지성 (지은이) | 국일미디어', '(국일출판사)', '|')]"
2010,12,보수는 어떻게 지배하는가,"[('앨버트 O. 허시먼 (지은이), 막시무스(이근영) ', '(옮긴이)', '|')]"
2010,12,용의자 X의 헌신,"[('히가시노 게이고 (지은이), 양억관 ', '(옮긴이)', '|')]"
2010,12,S-diary : 꼭 날씬해질거야 만년 다이어트 다이어리,"[('셀러오 ', '(지은이)', '|')]"
2010,12,신의진의 아이심리백과,"[('신의진 ', '(지은이)', '|')]"
2010,12,시원스쿨 기초 영어법,"[('이시원 ', '(지은이)', '|')]"
2010,12,청소부 밥,"[('토드 홉킨스, 레이 힐버트 (지은이), 신윤경 ', '(옮긴이)', '|')]"
2010,12,천 개의 찬란한 태양,"[('할레드 호세이니 (지은이), 왕은철 ', '(옮긴이)', '|')]"
2010,12,일기일회 一期一會,"[('법정(法頂) ', '(지은이)', '|')]"
2010,12,산에는 꽃이 피네,"[('법정(法頂) (지은이), 류시화 ', '(엮은이)', '|')]"
2010,12,윔피 키드 5,"[('제프 키니 (지은이), 양진성 ', '(옮긴이)', '|')]"
2010,12,7번국도 Revisited (특별판),"[('김연수 ', '(지은이)', '|')]"
2010,12,내일이 바뀌는 30분 습관 세트 - 전2권,"[('다카시마 데쓰지 (지은이), 홍성민, 김현영 ', '(옮긴이)', '|')]"
2010,12,이야기하며 곤충접기,"[('올챙이 (글), 정승 ', '(그림)', '|')]"
2010,12,동화처럼,"[('김경욱 ', '(지은이)', '|')]"
2010,12,눈의 음악,"[('린 레이 퍼킨스 (지은이), 이상희 ', '(옮긴이)', '|')]"
2010,12,냉정과 열정사이 - Rosso,"[('에쿠니 가오리 (지은이), 김난주 ', '(옮긴이)', '|')]"
2010,12,4천만이 검색한 오늘의 요리,"[('이혜영 (지은이) | 중앙books', '(중앙북스)', '|')]"
2010,12,십일조의 비밀을 안 세계의 부자들,"[('박은몽 ', '(지은이)', '|')]"
2010,12,잠깐 멈춤,"[('고도원 (지은이), 김성신 ', '(그림)', '|')]"
2010,12,공부하는 독종이 살아남는다,"[('이시형 (지은이) | 중앙books', '(중앙북스)', '|')]"
2010,12,삐뽀삐뽀 119 소아과 (개정11판),"[('하정훈 ', '(지은이)', '|')]"
2010,12,도해사고력 : 그림으로 그리는 생각정리 기술,"[('나가타 도요시 (지은이), 정지영 ', '(옮긴이)', '|')]"
2010,12,구름빵,"[('백희나 ', '(지은이)', '|')]"
2010,12,전환시대의 논리,"[('리영희 ', '(지은이)', '|')]"
2010,12,보이지 않는 차이,"[('한상복, 연준혁 ', '(지은이)', '|')]"
2010,12,기타노 다케시의 생각노트,"[('기타노 다케시 (지은이), 권남희 (옮긴이) | 북스코프', '(아카넷)', '|')]"
2010,12,해리 포터와 죽음의 성물 세트 - 전4권 (무선),"[('J.K. 롤링 (지은이), 최인자 ', '(옮긴이)', '|')]"
2010,12,꿈이 나에게 묻는 열 가지 질문,"[('존 맥스웰 (지은이), 이애리 ', '(옮긴이)', '|')]"
2010,12,저는 주식투자가 처음인데요,"[('강병욱 ', '(지은이)', '|')]"
2010,12,엄마를 부탁해,"[('신경숙 ', '(지은이)', '|')]"
2010,12,시골의사의 부자경제학,"[('박경철 ', '(지은이)', '|')]"
2011,12,"안철수, 경영의 원칙","[('안철수, 서울대학교 기초교육원 ', '(지은이)', '|')]"
2011,12,윔피 키드 6,"[('제프 키니 (지은이), 양진성 ', '(옮긴이)', '|')]"
2011,12,죽은 왕녀를 위한 파반느,"[('박민규 ', '(지은이)', '|')]"
2011,12,덕혜옹주,"[('권비영 ', '(지은이)', '|')]"
2011,12,태양의 아이들,"[('온유 (샤이니), 태민 (SHINee), 키 (SHINee) ', '(지은이)', '|')]"
2011,12,중생이 아프면 부처도 아프다,"[('명진 ', '(지은이)', '|')]"
2011,12,내가 걸은 만큼만 내 인생이다,[]
2011,12,백설공주에게 죽음을,"[('넬레 노이하우스 (지은이), 김진아 ', '(옮긴이)', '|')]"
2011,12,Why? 한국사 역사를 바꾼 사건,"[('우덕환 (지은이), 문성기 (그림), 문철영 ', '(감수)', '|')]"
2011,12,트와일라잇 4권 세트 - 전4권,"[('스테프니 메이어 (지은이), 변용란, 윤정숙 ', '(옮긴이)', '|')]"
2011,12,지식의 권유,"[('김진혁 ', '(지은이)', '|')]"
2011,12,나는 꼼수다 뒷담화,"[('김용민 (지은이) | 미래를소유한사람들', '(MSD미디어)', '|')]"
2011,12,그대 아직도 부자를 꿈꾸는가,"[('박경철, 정태인, 이범, 나임윤경, 윤구병, 신영복, 이이화, 조국 (지은이), 심상정 ', '(엮은이)', '|')]"
2011,12,임신 출산 육아 대백과 (2017~2018년 최신 개정판),"[('삼성출판사 편집부 ', '(엮은이)', '|')]"
2011,12,넌 네가 얼마나 행복한 아이인지 아니?,"[('조정연 ', '(지은이)', '|')]"
2011,12,7년의 밤,"[('정유정 ', '(지은이)', '|')]"
2011,12,논어,"[('공자 (지은이), 김형찬 ', '(옮긴이)', '|')]"
2011,12,셜록 홈즈 미공개 사건집,"[('존 딕슨 카, 에이드리언 코난 도일 (지은이), 권일영 ', '(옮긴이)', '|')]"
2011,12,마당을 나온 암탉,"[('황선미 (지은이), 오돌또기 ', '(그림)', '|')]"
2011,12,세상 밖으로 날아간 수학,"[('이시하라 기요타카 (지은이), 사와다 토시키 (그림), 김이경 ', '(옮긴이)', '|')]"
2011,12,조조 사람혁명,"[('신동준 ', '(지은이)', '|')]"
2011,12,곰 세 마리가 한집에 있어,"[('잰 브렛 (지은이), 최윤미 ', '(옮긴이)', '|')]"
2011,12,건투를 빈다,"[('김어준 (지은이), 현태준 ', '(그림)', '|')]"
2011,12,SERI 전망 2012,"[('권순우, 신창목 ', '(지은이)', '|')]"
2011,12,십자군 이야기 1,"[('시오노 나나미 (지은이), 송태욱 (옮긴이), 차용구 ', '(감수)', '|')]"
2011,12,고구려 1,"[('김진명 ', '(지은이)', '|')]"
2011,12,박시백의 조선왕조실록 18,"[('박시백 ', '(지은이)', '|')]"
2011,12,코믹 메이플 스토리 수학도둑 25,"[('송도수 (지은이), 서정은 (그림), 여운방 ', '(감수)', '|')]"
2011,12,책은 도끼다,"[('박웅현 ', '(지은이)', '|')]"
2011,12,너도 보이니? 4,"[('월터 윅 (지은이), 황윤정 ', '(옮긴이)', '|')]"
2011,12,중고생이 꼭 읽어야 할 문학필독서 세트 - 전5권,"[('김유정 ', '(지은이)', '|')]"
2011,12,"나, 오늘 일기 뭐 써!","[('정설아 (지은이), 마정원 ', '(그림)', '|')]"
2011,12,스티브 잡스 이야기,"[('짐 코리건 (지은이), 권오열 ', '(옮긴이)', '|')]"
2011,12,4천만이 검색한 오늘의 요리,"[('이혜영 (지은이) | 중앙books', '(중앙북스)', '|')]"
2011,12,삐약이 엄마,"[('백희나 (지은이) | Storybowl', '(스토리보울)', '|')]"
2011,12,나는 꼼수다 에피소드 1,"[('김어준, 정봉주, 주진우, 김용민 ', '(지은이)', '|')]"
2011,12,그램그램 영문법 원정대 18,"[('나석환, 뮤토 ', '(그림)', '|')]"
2011,12,한국사 편지 세트 - 전5권,"[('박은봉 (지은이), 류동필 ', '(그림)', '|')]"
2011,12,끌리는 사람은 1%가 다르다,"[('이민규 ', '(지은이)', '|')]"
2011,12,"동의보감, 몸과 우주 그리고 삶의 비전을 찾아서","[('고미숙 ', '(지은이)', '|')]"
2011,12,소셜 애니멀,"[('데이비드 브룩스 (지은이), 이경식 ', '(옮긴이)', '|')]"
2011,12,조국 현상을 말한다 - 개정판,"[('김용민 (지은이) | 미래를소유한사람들', '(MSD미디어)', '|')]"
2011,12,마당을 나온 암탉 (반양장),"[('황선미 (지은이), 김환영 ', '(그림)', '|')]"
2011,12,철학이 필요한 시간,"[('강신주 ', '(지은이)', '|')]"
2011,12,365 Thank You 땡큐,"[('존 크랠릭 (지은이), 차동엽 ', '(옮긴이)', '|')]"
2011,12,빅 픽처,"[('더글라스 케네디 (지은이), 조동섭 ', '(옮긴이)', '|')]"
2011,12,꿈꾸는 자 잡혀간다,"[('송경동 ', '(지은이)', '|')]"
2011,12,노는 만큼 성공한다,"[('김정운 ', '(지은이)', '|')]"
2011,12,10년 후 세상,"[('중앙일보 중앙SUNDAY 미래탐사팀 ', '(지은이)', '|')]"
2011,12,트렌드 코리아 2012,"[('김난도, 권혜진, 이준영, 전미영, 이향은, 김서영 ', '(지은이)', '|')]"
2012,12,"국어 교과서 작품 읽기 중1 세트 (최신판, 전3권) (특별부록 : 국어 교과서 작품 읽기 100% 활용하기)","[('김규중, 왕지윤, 한은영 ', '(엮은이)', '|')]"
2012,12,레미제라블 세트 - 전5권,"[('빅토르 위고 (지은이), 정기수 ', '(옮긴이)', '|')]"
2012,12,피로사회,"[('한병철 (지은이), 김태환 ', '(옮긴이)', '|')]"
2012,12,늑대소년,"[('조성희, 김미리 (지은이), 유헤인 ', '(그림)', '|')]"
2012,12,해커스 토익 Listening (테이프 별매) (Hackers TOEIC Listening) (책 + 무료 토익모의고사 + 받아쓰기CD + 단어암기mp3 + 단어암기장 + 해설서),"[('David Cho ', '(지은이)', '|')]"
2012,12,미생 1,"[('윤태호 ', '(지은이)', '|')]"
2012,12,코믹 메이플 스토리 수학도둑 31,"[('송도수 (지은이), 서정은 (그림), 여운방 ', '(감수)', '|')]"
2012,12,리딩으로 리드하라,"[('이지성 ', '(지은이)', '|')]"
2012,12,속담이 백 개라도 꿰어야 국어왕,"[('강효미 (지은이), 최윤지 ', '(그림)', '|')]"
2012,12,장수탕 선녀님,"[('백희나 ', '(지은이)', '|')]"
2012,12,상속자들 - 상,"[('전민희 ', '(지은이)', '|')]"
2012,12,거짓말의 심리학,"[('필립 휴스턴, 마이클 플로이드, 수잔 카니세로, 돈 테넌트 (지은이), 박인균 (옮긴이) | 추수밭', '(청림출판)', '|')]"
2012,12,지금 시작하는 인문학,"[('주현성 ', '(지은이)', '|')]"
2012,12,미생 2,"[('윤태호 ', '(지은이)', '|')]"
2012,12,마흔의 서재,"[('장석주 ', '(지은이)', '|')]"
2012,12,허영만 맛있게 잘 쉬었습니다,"[('허영만, 이호준 ', '(지은이)', '|')]"
2012,12,문명의 붕괴,"[('재레드 다이아몬드 (지은이), 강주헌 ', '(옮긴이)', '|')]"
2012,12,어떻게 원하는 것을 얻는가,"[('스튜어트 다이아몬드 (지은이), 김태훈 ', '(옮긴이)', '|')]"
2012,12,레 미제라블 세트 - 전10권 (한글판 + 영문판),"[('빅토르 위고 (지은이), 베스트트랜스 ', '(옮긴이)', '|')]"
2012,12,"멈추지 마, 다시 꿈부터 써봐","[('김수영 ', '(지은이)', '|')]"
2012,12,단 한 번의 연애,"[('성석제 ', '(지은이)', '|')]"
2012,12,부모라면 유대인처럼,"[('고재학 ', '(지은이)', '|')]"
2012,12,유엔미래보고서 2030,"[('제롬 글렌, 테드 고든, 박영숙, 엘리자베스 플로레스큐 (지은이) | 교보문고', '(단행본)', '|')]"
2012,12,젊은 베르테르의 슬픔 - 전2권 (한글판 + 영문판),"[('요한 볼프강 폰 괴테 (지은이), 허승진 ', '(옮긴이)', '|')]"
2012,12,독서 천재가 된 홍대리 2,"[('이지성 ', '(지은이)', '|')]"
2012,12,데미덱 영어회화사전,"[('DemiDec ', '(지은이)', '|')]"
2012,12,한국사 편지 세트 - 전5권,"[('박은봉 (지은이), 류동필 ', '(그림)', '|')]"
2012,12,스님의 주례사,"[('법륜 (지은이), 김점선 ', '(그림)', '|')]"
2012,12,법륜스님의 금강경 강의,"[('법륜 ', '(지은이)', '|')]"
2012,12,엄마 수업,"[('법륜 (지은이), 이순형 ', '(그림)', '|')]"
2012,12,11/22/63 - 2,"[('스티븐 킹 (지은이), 이은선 ', '(옮긴이)', '|')]"
2012,12,100달러로 세상에 뛰어들어라,"[('크리스 길아보 (지은이), 강혜구, 김희정 ', '(옮긴이)', '|')]"
2012,12,FBI 행동의 심리학,"[('조 내버로, 마빈 칼린스 (지은이), 박정길 ', '(옮긴이)', '|')]"
2012,12,마지막 한 걸음은 혼자서 가야 한다,"[('정진홍 ', '(지은이)', '|')]"
2012,12,프로이트의 의자,"[('정도언 ', '(지은이)', '|')]"
2012,12,43번지 유령 저택 1,"[('케이트 클리스 (지은이), M. 사라 클리스 (그림), 노은정 ', '(옮긴이)', '|')]"
2012,12,행복의 경제학,"[('헬레나 노르베리-호지 (지은이), 김영욱, 홍승아 (옮긴이) | 중앙books', '(중앙북스)', '|')]"
2012,12,신라 시대 보물찾기 2,"[('곰돌이 co. (지은이), 강경효 ', '(그림)', '|')]"
2012,12,쟁점을 파하다,"[('법륜 ', '(지은이)', '|')]"
2012,12,무엇을 위해 살 것인가,"[('윌리엄 데이먼 (지은이), 정창우, 한혜민 ', '(옮긴이)', '|')]"
2012,12,시간을 파는 상점,"[('김선영 ', '(지은이)', '|')]"
2012,12,달라질 거야,"[('앤서니 브라운 (지은이), 허은미 ', '(옮긴이)', '|')]"
2012,12,서른 살엔 미처 몰랐던 것들,"[('김선경 ', '(지은이)', '|')]"
2012,12,왕의 하루,"[('이한우 ', '(지은이)', '|')]"
2012,12,100단어 스티커 놀이책,"[('헤더 어메리 (글), 스테판 카트라이트 ', '(그림)', '|')]"
2012,12,살아야 하는 이유,"[('강상중 (지은이), 송태욱 ', '(옮긴이)', '|')]"
2012,12,논어,"[('공자 (지은이), 김형찬 ', '(옮긴이)', '|')]"
2012,12,사이언스 이즈 컬처,"[('노엄 촘스키, 에드워드 오스본 윌슨, 스티븐 핑커 (지은이), 이창희 ', '(옮긴이)', '|')]"
2012,12,삐뽀삐뽀 119 소아과 (개정11판),"[('하정훈 ', '(지은이)', '|')]"
2012,12,크리스마스 선물,"[('존 버닝햄 (지은이), 이주령 ', '(옮긴이)', '|')]"
2013,12,폭풍우 치는 밤에,"[('기무라 유이치 (지은이), 아베 히로시 (그림), 김정화 ', '(옮긴이)', '|')]"
2013,12,쿠쿠스 콜링 1,"[('로버트 갤브레이스 (지은이), 김선형 ', '(옮긴이)', '|')]"
2013,12,"해커스 토익 스타트 리딩 (Hackers TOEIC Start Reading, 구토익)","[('David Cho ', '(지은이)', '|')]"
2013,12,왜 공부하는가,"[('김진애 ', '(지은이)', '|')]"
2013,12,뻐꾸기 알은 누구의 것인가,"[('히가시노 게이고 (지은이), 김난주 ', '(옮긴이)', '|')]"
2013,12,공부 도와주는 비교사전,"[('이안 그레이엄 (지은이), 마크 버진 (그림), 오지현 ', '(옮긴이)', '|')]"
2013,12,청춘의 독서,"[('유시민 ', '(지은이)', '|')]"
2013,12,혼자 책 읽는 시간,"[('니나 상코비치 (지은이), 김병화 ', '(옮긴이)', '|')]"
2013,12,코믹 메이플 스토리 수학도둑 37,"[('송도수 (글), 서정 엔터테인먼트 (그림), 여운방 ', '(감수)', '|')]"
2013,12,똑똑해지는 숨은그림찾기 1,"[('Highlights 편집부 ', '(지은이)', '|')]"
2013,12,왜 세계의 절반은 굶주리는가?,[]
2013,12,의사에게 살해 당하지 않는 47가지 방법,"[('곤도 마코토 (지은이), 이근아 ', '(옮긴이)', '|')]"
2013,12,버스 타고 제주 여행,"[('안혜연 (지은이) | 중앙books', '(중앙북스)', '|')]"
2013,12,모멘트,"[('더글라스 케네디 (지은이), 조동섭 ', '(옮긴이)', '|')]"
2013,12,나미야 잡화점의 기적,"[('히가시노 게이고 (지은이), 양윤옥 ', '(옮긴이)', '|')]"
2013,12,서랍에 저녁을 넣어 두었다,"[('한강 ', '(지은이)', '|')]"
2013,12,꾸뻬 씨의 행복 여행,"[('프랑수아 를로르 (지은이), 이지연 (그림), 오유란 ', '(옮긴이)', '|')]"
2013,12,여덟 단어,"[('박웅현 ', '(지은이)', '|')]"
2013,12,두근두근 내 인생,"[('김애란 ', '(지은이)', '|')]"
2013,12,혼자가 편한 사람들의 관계 심리학,"[('데보라 잭 (지은이), 이수연 ', '(옮긴이)', '|')]"
2013,12,파이브 데이즈,"[('더글라스 케네디 (지은이), 조동섭 ', '(옮긴이)', '|')]"
2013,12,결혼식 전날,"[('호즈미 ', '(지은이)', '|')]"
2013,12,"해커스 토익 스타트 리스닝 (Hackers TOEIC Start Listening) (최신경향 반영 개정판, 구토익)","[('David Cho ', '(지은이)', '|')]"
2013,12,그릿 Grit,"[('김주환 ', '(지은이)', '|')]"
2013,12,ETS TOEIC Test RC 공식실전서 1000 (교재 + 해설집),"[('ETS ', '(지은이)', '|')]"
2013,12,감정사용설명서,"[('롤프 메르클레, 도리스 볼프 (지은이), 유영미 ', '(옮긴이)', '|')]"
2013,12,살인자의 기억법,"[('김영하 ', '(지은이)', '|')]"
2013,12,코믹 메이플 스토리 오프라인 RPG 67,"[('송도수 (글), 서정은 ', '(그림)', '|')]"
2013,12,왜 Why?,"[('옥성호 ', '(지은이)', '|')]"
2013,12,7년의 밤,"[('정유정 ', '(지은이)', '|')]"
2013,12,책은 도끼다,"[('박웅현 ', '(지은이)', '|')]"
2013,12,"국어 교과서 작품 읽기 중1 세트 (최신판, 전3권) (특별부록 : 국어 교과서 작품 읽기 100% 활용하기)","[('김규중, 왕지윤, 한은영 ', '(엮은이)', '|')]"
2013,12,랄랄라 크리스마스 캐럴,"[('애플비북스 편집부 ', '(지은이)', '|')]"
2013,12,EBS 다큐프라임 자본주의,"[('EBS 자본주의 제작팀 ', '(지은이)', '|')]"
2013,12,ETS TOEIC Test LC 공식실전서 1000 (교재 + 해설집),"[('ETS ', '(지은이)', '|')]"
2013,12,동물농장,"[('조지 오웰 (지은이), 도정일 ', '(옮긴이)', '|')]"
2013,12,지구의 정복자,"[('에드워드 윌슨 (지은이), 이한음 (옮긴이), 최재천 ', '(감수)', '|')]"
2013,12,바바파파 BARBAPAPA 시리즈 세트 (전7권 + 바바파파 색칠북),"[('아네트 티종, 탈루스 테일러 (지은이), 글샘터 ', '(옮긴이)', '|')]"
2013,12,매일매일 두뇌트레이닝 스도쿠 365,"[('손호성 ', '(지은이)', '|')]"
2013,12,사랑해 사랑해 사랑해,"[('버나뎃 로제티 슈스탁 (글), 캐롤라인 제인 처치 (그림), 신형건 ', '(옮긴이)', '|')]"
2013,12,우리는 차별에 찬성합니다,"[('오찬호 ', '(지은이)', '|')]"
2013,12,비울수록 가득하네,"[('정목 ', '(지은이)', '|')]"
2013,12,호빗 (반양장),"[('존 로날드 로웰 톨킨 (지은이), 이미애 ', '(옮긴이)', '|')]"
2013,12,창의력 베스트 500,"[('달리출판사 편집부 ', '(지은이)', '|')]"
2013,12,논어,"[('공자 (지은이), 김형찬 ', '(옮긴이)', '|')]"
2013,12,"엄마, 결국은 해피엔딩이야!","[('태원준 ', '(지은이)', '|')]"
2013,12,상처받지 않을 권리,"[('강신주 (지은이) | 프로네시스', '(웅진)', '|')]"
2013,12,상실의 시대,"[('무라카미 하루키 (지은이), 유유정 ', '(옮긴이)', '|')]"
2013,12,수학자의 아침,"[('김소연 ', '(지은이)', '|')]"
2013,12,아기가 잘 먹는 이유식은 따로 있다,"[('마더스고양이 김정미 ', '(지은이)', '|')]"
2014,12,크리스마스 선물 세트 3종,"[('웅진주니어 편집부 ', '(지은이)', '|')]"
2014,12,내가 확실히 아는 것들,"[('오프라 윈프리 (지은이), 송연수 ', '(옮긴이)', '|')]"
2014,12,"해커스 토익 스타트 리스닝 (Hackers TOEIC Start Listening) (최신경향 반영 개정판, 구토익)","[('David Cho ', '(지은이)', '|')]"
2014,12,코스모스,"[('칼 세이건 (지은이), 홍승수 ', '(옮긴이)', '|')]"
2014,12,집으로 가는 길은 어디서라도 멀지 않다,"[('원철 ', '(지은이)', '|')]"
2014,12,나의 한국현대사,"[('유시민 ', '(지은이)', '|')]"
2014,12,싸드 THAAD,"[('김진명 ', '(지은이)', '|')]"
2014,12,윤재성의 소리영어 Plus,"[('윤재성 ', '(지은이)', '|')]"
2014,12,돈키호테 1,"[('미겔 데 세르반테스 사아베드라 (지은이), 안영옥 ', '(옮긴이)', '|')]"
2014,12,눈먼 자들의 국가,"[('김애란, 김행숙, 김연수, 박민규, 진은영, 황정은, 배명훈, 황종연, 김홍중, 전규찬, 김서영, 홍철기 ', '(지은이)', '|')]"
2014,12,원 플러스 원,"[('조조 모예스 (지은이), 오정아 ', '(옮긴이)', '|')]"
2014,12,스코치 트라이얼,"[('제임스 대시너 (지은이), 공보경 ', '(옮긴이)', '|')]"
2014,12,EBS 한국사 능력 검정시험 중급,"[('장종근, 최태성 (지은이) | 한국교육방송공사', '(기타)', '|')]"
2014,12,데스 큐어,"[('제임스 대시너 (지은이), 공보경 ', '(옮긴이)', '|')]"
2014,12,어두운 상점들의 거리 (무선),"[('파트릭 모디아노 (지은이), 김화영 ', '(옮긴이)', '|')]"
2014,12,내일은 실험왕 29,"[('스토리 a. (글), 홍종현 (그림), 박완규, 이창덕 ', '(감수)', '|')]"
2014,12,구글은 어떻게 일하는가,"[('에릭 슈미트, 조너선 로젠버그, 앨런 이글 (지은이), 박병화 ', '(옮긴이)', '|')]"
2014,12,그저 흔한 사랑 이야기,"[('희망이룸 ', '(지은이)', '|')]"
2014,12,살인자의 기억법,"[('김영하 ', '(지은이)', '|')]"
2014,12,메이즈 러너,"[('제임스 대시너 (지은이), 공보경 ', '(옮긴이)', '|')]"
2014,12,코믹 메이플 스토리 수학도둑 43,"[('송도수 (글), 서정 엔터테인먼트 (그림), 여운방 ', '(감수)', '|')]"
2014,12,장하준의 경제학 강의 (반양장),"[('장하준 (지은이), 김희정 ', '(옮긴이)', '|')]"
2014,12,탄탄동 사거리 만복전파사,"[('김려령 (지은이), 조승연 ', '(그림)', '|')]"
2014,12,여덟 단어,"[('박웅현 ', '(지은이)', '|')]"
2014,12,해커스 토익 실전 1000제 리딩 1 문제집 (해설집 별매),"[('해커스어학연구소 편집부 ', '(엮은이)', '|')]"
2014,12,임신 출산 육아 대백과 (2017~2018년 최신 개정판),"[('삼성출판사 편집부 ', '(엮은이)', '|')]"
2014,12,세상에서 가장 행복한 100층 버스,"[('마이크 스미스 (지은이), 노은정 ', '(옮긴이)', '|')]"
2014,12,오무라이스 잼잼 5,"[('조경규 ', '(지은이)', '|')]"
2014,12,나의 조선미술 순례,"[('서경식 (지은이), 최재혁 ', '(옮긴이)', '|')]"
2014,12,바다 100층짜리 집,"[('이와이 도시오 (지은이), 김숙 ', '(옮긴이)', '|')]"
2014,12,해커스 토익 실전 1000제 리스닝 1 문제집 (해설집 별매),"[('해커스어학연구소 편집부 ', '(엮은이)', '|')]"
2014,12,정의란 무엇인가,"[('마이클 샌델 (지은이), 김명철 (옮긴이), 김선욱 ', '(감수)', '|')]"
2014,12,나의 문화유산답사기 일본편 4,"[('유홍준 ', '(지은이)', '|')]"
2014,12,"메리 크리스마스, 뽀로로!","[('키즈아이콘 편집부 (엮은이) | 키즈아이콘', '(아이코닉스)', '|')]"
2014,12,걱정을 걸어 두는 나무,"[('마리안느 머스그로브 (지은이), 김호정 ', '(옮긴이)', '|')]"
2014,12,강신주의 감정수업,"[('강신주 ', '(지은이)', '|')]"
2014,12,비굴의 시대,"[('박노자 ', '(지은이)', '|')]"
2014,12,2015 선재 국어 (전4권 + 별책부록),"[('이선재 ', '(지은이)', '|')]"
2014,12,아내의 식탁 1,"[('홍진희, 정은정 ', '(지은이)', '|')]"
2014,12,이종필 교수의 인터스텔라,"[('이종필 (지은이), 김명호 ', '(그림)', '|')]"
2014,12,스테이트 오브 더 유니언,"[('더글라스 케네디 (지은이), 조동섭 ', '(옮긴이)', '|')]"
2014,12,총 균 쇠 (반양장),"[('재레드 다이아몬드 (지은이), 김진준 ', '(옮긴이)', '|')]"
2014,12,비밀의 정원 엽서책 필통 세트,"[('조해너 배스포드 ', '(지은이)', '|')]"
2014,12,칼 비테의 자녀교육 불변의 법칙,"[('칼 비테 (지은이), 베스트트랜스 (옮긴이) | MIREDU', '(미르에듀)', '|')]"
2014,12,"가나안 성도, 교회 밖 신앙","[('양희송 ', '(지은이)', '|')]"
2014,12,파이프를 문 셜록(sherlock) 북엔드,[]
2014,12,허삼관 매혈기,"[('위화 (지은이), 최용만 ', '(옮긴이)', '|')]"
2014,12,어떤 하루,"[('신준모 (지은이), 김진희 ', '(그림)', '|')]"
2014,12,축복받은 집,"[('줌파 라히리 (지은이), 서창렬 ', '(옮긴이)', '|')]"
2014,12,안티 오이디푸스,"[('질 들뢰즈, 펠릭스 가타리 (지은이), 김재인 ', '(옮긴이)', '|')]"
2015,12,담론,"[('신영복 ', '(지은이)', '|')]"
2015,12,2016 전한길 한국사 Keyword 사료분석집,"[('전한길 ', '(지은이)', '|')]"
2015,12,화재감시원,"[('코니 윌리스 (지은이), 최용준, 최세진, 정준호, 김세경 ', '(옮긴이)', '|')]"
2015,12,가끔은 격하게 외로워야 한다,"[('김정운 ', '(지은이)', '|')]"
2015,12,박철범의 방학공부법,"[('박철범 ', '(지은이)', '|')]"
2015,12,나의 라임 오렌지나무,"[('J.M. 바스콘셀로스 (지은이), 박동원 ', '(옮긴이)', '|')]"
2015,12,롱 워크,"[('스티븐 킹 (지은이), 송경아 ', '(옮긴이)', '|')]"
2015,12,2016 윤승현 중등 심층면접,"[('윤승현 ', '(엮은이)', '|')]"
2015,12,"해커스 토익 스타트 리딩 (Hackers TOEIC Start Reading, 구토익)","[('David Cho ', '(지은이)', '|')]"
2015,12,사는 게 뭐라고,"[('사노 요코 (지은이), 이지수 ', '(옮긴이)', '|')]"
2015,12,당신이라는 안정제,"[('김동영, 김병수 ', '(지은이)', '|')]"
2015,12,코스모스,"[('칼 세이건 (지은이), 홍승수 ', '(옮긴이)', '|')]"
2015,12,아도니스 5,"[('남혜인 ', '(지은이)', '|')]"
2015,12,나는 언제나 옳다,"[('길리언 플린 (지은이), 김희숙 ', '(옮긴이)', '|')]"
2015,12,조선왕조실톡 1,"[('무적핑크 (지은이), 와이랩(YLAB) (기획), 이한 ', '(해설)', '|')]"
2015,12,첫숨,"[('배명훈 ', '(지은이)', '|')]"
2015,12,하루관리,"[('이지성, 황희철 ', '(지은이)', '|')]"
2015,12,경제 ⓔ,"[('EBS 지식채널ⓔ ', '(지은이)', '|')]"
2015,12,2016 가계북,"[('그리고책 편집부 (엮은이) | 이밥차', '(그리고책)', '|')]"
2015,12,피너츠 완전판 1 : 1950~1952,"[('찰스 M. 슐츠 (지은이), 신소희 ', '(옮긴이)', '|')]"
2015,12,인간의 품격,"[('데이비드 브룩스 (지은이), 김희정 ', '(옮긴이)', '|')]"
2015,12,명리 : 운명을 읽다,"[('강헌 ', '(지은이)', '|')]"
2015,12,잠자고 싶은 토끼,"[('칼 요한 포셴 엘린 (지은이), 이나미 ', '(옮긴이)', '|')]"
2015,12,판결을 다시 생각한다,"[('김영란 ', '(지은이)', '|')]"
2015,12,도불의 연회 : 연회의 준비 세트 - 전2권,"[('교고쿠 나츠히코 (지은이), 김소연 ', '(옮긴이)', '|')]"
2015,12,13층 나무 집,"[('앤디 그리피스 (지은이), 테리 덴톤 (그림), 신수진 ', '(옮긴이)', '|')]"
2015,12,대단한 저자,"[('알라딘 도서팀 ', '(엮은이)', '|')]"
2015,12,헝거게임 세트 : 스페셜 에디션 - 전3권,"[('수잔 콜린스 (지은이), 이원열 ', '(옮긴이)', '|')]"
2015,12,신의 위대한 질문,"[('배철현 ', '(지은이)', '|')]"
2015,12,백종원이 추천하는 집밥 메뉴 52,"[('백종원 ', '(지은이)', '|')]"
2015,12,문구의 모험,"[('제임스 워드 (지은이), 김병화 ', '(옮긴이)', '|')]"
2015,12,내 옆에는 왜 이상한 사람이 많을까?,"[('모니카 비트블룸, 산드라 뤼프케스 (지은이), 서유리 (옮긴이) | 동양북스', '(동양문고)', '|')]"
2015,12,아이의 미래를 바꾸는 학교혁명,"[('켄 로빈슨, 루 애로니카 (지은이), 정미나 ', '(옮긴이)', '|')]"
2015,12,"해커스 토익 스타트 리스닝 (Hackers TOEIC Start Listening) (최신경향 반영 개정판, 구토익)","[('David Cho ', '(지은이)', '|')]"
2015,12,맛 보장 가정식 레시피,"[('당근정말시러 ', '(지은이)', '|')]"
2015,12,대한민국은 왜?,"[('김동춘 ', '(지은이)', '|')]"
2015,12,앵화연담 - 상,"[('어도담 ', '(지은이)', '|')]"
2015,12,2016 민준호 사회 기출문제집 확장과 숙련 - 전3권,"[('민준호 ', '(지은이)', '|')]"
2015,12,부자가 되는 정리의 힘,"[('윤선현 ', '(지은이)', '|')]"
2015,12,보카바이블 (VOCA Bible) 3.0 (교재 + 어원북 + 미니단어장),"[('허민 ', '(지은이)', '|')]"
2015,12,앵화연담 - 하,"[('어도담 ', '(지은이)', '|')]"
2015,12,코믹 메이플 스토리 오프라인 RPG 81,"[('송도수 (글), 서정은 ', '(그림)', '|')]"
2015,12,백의 그림자,"[('황정은 ', '(지은이)', '|')]"
2015,12,세상물정의 경제학,"[('스티븐 레빗, 스티븐 더브너 (지은이), 한채원 (옮긴이), 류동민 ', '(감수)', '|')]"
2015,12,"페루, 내 영혼에 바람이 분다","[('손미나 ', '(지은이)', '|')]"
2015,12,어떻게 죽을 것인가,"[('아툴 가완디 (지은이), 김희정 ', '(옮긴이)', '|')]"
2015,12,엄마. 나야.,"[('곽수인, 구태민, 권지혜, 길채원, 김건우, 김동영, 김수정, 김승태, 김승환, 김제훈, 김주아, 김혜선, 김호연, 박성호, 박정슬, 선우진, 심장영, 안주현, 안중근, 양온유, 오경미, 유예은, 이건계, 이단비, 이영만, 이지민, 이창현, 이태민, 임경빈, 전하영, 정다혜, 정차웅, 최성호, 홍순영 ', '(지은이)', '|')]"
2015,12,팩트체크,"[('JTBC 뉴스룸 팩트체크 제작팀 (지은이) | 중앙books', '(중앙북스)', '|')]"
2015,12,걷는 듯 천천히,"[('고레에다 히로카즈 (지은이), 이영희 ', '(옮긴이)', '|')]"
2015,12,파이프를 문 셜록(sherlock) 북엔드,[]
2016,12,지적 대화를 위한 넓고 얕은 지식 : 현실 너머 편 (반양장),"[('채사장 ', '(지은이)', '|')]"
2016,12,혜민 스님의 따뜻한 응원 (스프링),"[('혜민 (지은이), 이영철 ', '(그림)', '|')]"
2016,12,낭만적 연애와 그 후의 일상 (한정판 더블 커버 에디션),"[('알랭 드 보통 (지은이), 김한영 ', '(옮긴이)', '|')]"
2016,12,브릿마리 여기 있다,"[('프레드릭 배크만 (지은이), 이은선 ', '(옮긴이)', '|')]"
2016,12,2017 선재국어 한 권으로 정리하는 마무리,"[('이선재 ', '(지은이)', '|')]"
2016,12,5년 후 나에게 - Q&A a day,"[('포터 스타일 (지은이), 정지현 ', '(옮긴이)', '|')]"
2016,12,자기 앞의 생 (특별판),"[('에밀 아자르 (지은이), 용경식 ', '(옮긴이)', '|')]"
2016,12,편의점 인간,"[('무라타 사야카 (지은이), 김석희 ', '(옮긴이)', '|')]"
2016,12,설민석의 무도 한국사 특강,"[('설민석 ', '(지은이)', '|')]"
2016,12,ETS 신토익 공식실전서 RC (리딩) 출제기관 독점 공개,"[('ETS ', '(지은이)', '|')]"
2016,12,너의 이름은.,"[('신카이 마코토 (지은이), 박미정 (옮긴이) | 대원씨아이', '(단행본)', '|')]"
2016,12,ETS 신토익 공식실전서 LC (리스닝) 출제기관 독점 공개,"[('ETS ', '(지은이)', '|')]"
2016,12,새들은 페루에 가서 죽다 (특별판),"[('로맹 가리 (지은이), 김남주 ', '(옮긴이)', '|')]"
2016,12,저도 중년은 처음입니다,"[('사카이 준코 (지은이), 조찬희 ', '(옮긴이)', '|')]"
2016,12,언어의 온도 (100만부 돌파 기념 양장 특별판),"[('이기주 ', '(지은이)', '|')]"
2016,12,"사자왕 형제의 모험 (칼 에디션, 양장)","[('아스트리드 린드그렌 (지은이), 일론 비클란드 (그림), 김경희 ', '(옮긴이)', '|')]"
2016,12,유시민의 글쓰기 특강,"[('유시민 ', '(지은이)', '|')]"
2016,12,전한길 한국사 포켓 암기노트 (스프링),"[('전한길 ', '(지은이)', '|')]"
2016,12,2017 선재 국어 (전4권 + 별책부록),"[('이선재 ', '(지은이)', '|')]"
2016,12,대통령의 말하기,"[('윤태영 ', '(지은이)', '|')]"
2016,12,오베라는 남자,"[('프레드릭 배크만 (지은이), 최민우 ', '(옮긴이)', '|')]"
2016,12,해커스 신토익 Reading,"[('David Cho ', '(지은이)', '|')]"
2016,12,펜타메로네,"[('잠바티스타 바실레 (지은이), 정진영 ', '(옮긴이)', '|')]"
2016,12,명탐정 코난 90,"[('아오야마 고쇼 (지은이) | 서울미디어코믹스', '(서울문화사)', '|')]"
2016,12,소년이 온다,"[('한강 ', '(지은이)', '|')]"
2016,12,피너츠 완전판 5 : 1959~1960,"[('찰스 M. 슐츠 (지은이), 신소희 ', '(옮긴이)', '|')]"
2016,12,2017 민준호 사회 기출문제집 - 전3권,"[('민준호 ', '(지은이)', '|')]"
2016,12,2017 이동기 핵심문법 100포인트 요약노트 + OX문제,"[('이동기 ', '(지은이)', '|')]"
2016,12,해커스 토익 실전 1000제. 1 Reading(리딩) 문제집 (신토익 Edition) (해설집 별매),"[('해커스어학연구소 ', '(지은이)', '|')]"
2016,12,제5도살장 (무선),"[('커트 보니것 (지은이), 정영목 ', '(옮긴이)', '|')]"
2016,12,2017 윤승현 중등 심층면접,"[('윤승현 ', '(엮은이)', '|')]"
2016,12,종의 기원,"[('정유정 ', '(지은이)', '|')]"
2016,12,추리 천재 엉덩이 탐정 1,"[('트롤 (지은이), 김정화 ', '(옮긴이)', '|')]"
2016,12,미스터리 서점의 크리스마스 이야기,"[('도널드 웨스트레이크, 메리 히긴스 클라크, 앤드류 클레이번, 에드 맥베인, S. J. 로잔, 예레미야 힐리, 마이클 말론, 루퍼트 홈즈, 앤 페리, 에드워드 D. 호크, 조나선 샌틀로퍼, 론 굴라트, 찰스 아다이, 토머스 H. 쿡, 조지 백스트, 리사 미쉘 앳킨슨, 로런스 블록 (지은이), 오토 펜즐러 (엮은이), 이리나 ', '(옮긴이)', '|')]"
2016,12,2017 이동기 유형별 영어 기출문제집 - 전2권,"[('이동기 ', '(엮은이)', '|')]"
2016,12,나는 지하철입니다,"[('김효은 ', '(지은이)', '|')]"
2016,12,하이큐!! 22,"[('후루다테 하루이치 (지은이) | 대원씨아이', '(만화)', '|')]"
2016,12,혼자일 것 행복할 것,"[('홍인혜 ', '(지은이)', '|')]"
2016,12,무민 스페셜 에디션 박스,[]
2016,12,못참는 아이 욱하는 부모,"[('오은영 ', '(지은이)', '|')]"
2016,12,해커스 신토익 Listening,"[('David Cho ', '(지은이)', '|')]"
2016,12,상냥한 폭력의 시대,"[('정이현 ', '(지은이)', '|')]"
2016,12,해커스 토익 실전 1000제 1 Listening 문제집 (신토익 Edition) (해설집 별매),"[('해커스어학연구소 ', '(지은이)', '|')]"
2016,12,2017 맘마미아 가계부,"[('맘마미아 ', '(지은이)', '|')]"
2016,12,일빵빵 스토리가 있는 영어회화 1,"[('서장혁 ', '(지은이)', '|')]"
2016,12,캐릭터 스티커 : 카카오프렌즈 라이언,"[('삼성출판사 편집부 ', '(엮은이)', '|')]"
2016,12,릿터 Littor 2016.12~2017.1,"[('릿터 편집부 ', '(지은이)', '|')]"
2016,12,단어의 사생활,"[('제임스 W. 페니베이커 (지은이), 김아영 ', '(옮긴이)', '|')]"
2016,12,고구려 6,"[('김진명 ', '(지은이)', '|')]"
2016,12,나에게 고맙다,"[('전승환 ', '(지은이)', '|')]"
2017,12,엄마의 자존감 공부,"[('김미경 ', '(지은이)', '|')]"
2017,12,산하엽,"[('종현 (SHINee) ', '(지은이)', '|')]"
2017,12,"타샤의 식탁 (리커버 특별판, 알라딘 단독)","[('타샤 튜더 (지은이), 공경희 ', '(옮긴이)', '|')]"
2017,12,남아 있는 나날,"[('가즈오 이시구로 (지은이), 송은경 ', '(옮긴이)', '|')]"
2017,12,눈보라 체이스,"[('히가시노 게이고 (지은이), 양윤옥 ', '(옮긴이)', '|')]"
2017,12,랩 걸,"[('호프 자런 (지은이), 김희정 ', '(옮긴이)', '|')]"
2017,12,해커스 토익 LC 리스닝 (Hackers TOEIC Listening),"[('David Cho ', '(지은이)', '|')]"
2017,12,어떻게 원하는 것을 얻는가 (밀리언 특별판),"[('스튜어트 다이아몬드 (지은이), 김태훈 ', '(옮긴이)', '|')]"
2017,12,원펀맨 One Punch Man 14,"[('ONE (글), 무라타 유스케 (그림) | 대원씨아이', '(만화)', '|')]"
2017,12,오리엔트 특급 살인,"[('애거사 크리스티 (지은이), 신영희 ', '(옮긴이)', '|')]"
2017,12,자존감 수업,"[('윤홍균 ', '(지은이)', '|')]"
2017,12,우리가 녹는 온도,"[('정이현 ', '(지은이)', '|')]"
2017,12,하루 5분 아침 일기,"[('인텔리전트 체인지 (지은이), 정지현 ', '(옮긴이)', '|')]"
2017,12,소중한 것은 모두 일상 속에 있다,"[('야마시타 히데코, 오노코로 신페이 (지은이), 이소담 ', '(옮긴이)', '|')]"
2017,12,2018 선재국어 기출실록 - 전3권,"[('이선재 ', '(지은이)', '|')]"
2017,12,2018 전한길 한국사 합격생 필기노트 + 빵꾸노트 - 전2권,"[('전한길 ', '(지은이)', '|')]"
2017,12,전체를 보는 방법,"[('존 밀러 (지은이), 정형채, 최화정 ', '(옮긴이)', '|')]"
2017,12,하이큐!! 28,"[('후루다테 하루이치 (지은이) | 대원씨아이', '(만화)', '|')]"
2017,12,무엇이든 쓰게 된다,"[('김중혁 ', '(지은이)', '|')]"
2017,12,겟 스마트,"[('브라이언 트레이시 (지은이), 허선영 ', '(옮긴이)', '|')]"
2017,12,2018 전한길 한국사 3.0 기출문제집,"[('전한길 ', '(지은이)', '|')]"
2017,12,횡설수설하지 않고 정확하게 설명하는 법,"[('고구레 다이치 (지은이), 황미숙 ', '(옮긴이)', '|')]"
2017,12,사피엔스,"[('유발 하라리 (지은이), 조현욱 (옮긴이), 이태수 ', '(감수)', '|')]"
2017,12,친절한 컬러링,"[('박리노 (지은이) | 아이생각', '(디지털북스)', '|')]"
2017,12,코스모스,"[('칼 세이건 (지은이), 홍승수 ', '(옮긴이)', '|')]"
2017,12,신과 함께 박스 세트 - 전8권,"[('주호민 ', '(지은이)', '|')]"
2017,12,호모 데우스,"[('유발 하라리 (지은이), 김명주 ', '(옮긴이)', '|')]"
2017,12,마지막 패리시 부인,"[('리브 콘스탄틴 (지은이), 박지선 ', '(옮긴이)', '|')]"
2017,12,설민석의 한국사 대모험 4,"[('설민석, 스토리박스 (지은이), 정현희 (그림), 태건 역사 연구소 ', '(감수)', '|')]"
2017,12,"취향을 설계하는 곳, 츠타야","[('마스다 무네아키 (지은이), 장은주 ', '(옮긴이)', '|')]"
2017,12,아픔이 길이 되려면,"[('김승섭 ', '(지은이)', '|')]"
2017,12,영화를 찍으며 생각한 것,"[('고레에다 히로카즈 (지은이), 이지수 ', '(옮긴이)', '|')]"
2017,12,"나, 있는 그대로 참 좋다 (겨울 에디션)","[('조유미 (지은이), 화가율 ', '(그림)', '|')]"
2017,12,모두가 네 탓 (책 + DVD),"[('나태주, 이종석 ', '(지은이)', '|')]"
2017,12,명견만리 : 새로운 사회 편,"[(""KBS '명견만리' 제작진 (지은이) | 인플루엔셜"", '(주)', '|')]"
2017,12,어떻게 살 것인가,"[('유시민 ', '(지은이)', '|')]"
2017,12,기사단장 죽이기 1,"[('무라카미 하루키 (지은이), 홍은주 ', '(옮긴이)', '|')]"
2017,12,지적 대화를 위한 넓고 얕은 지식 : 현실 세계 편 (반양장),"[('채사장 ', '(지은이)', '|')]"
2017,12,ETS 토익 정기시험 기출문제집 RC,"[('ETS (엮은이) | (주)YBM', '(와이비엠)', '|')]"
2017,12,포르투갈의 높은 산,"[('얀 마텔 (지은이), 공경희 ', '(옮긴이)', '|')]"
2017,12,기사단장 죽이기 2,"[('무라카미 하루키 (지은이), 홍은주 ', '(옮긴이)', '|')]"
2017,12,세계미래보고서 2018,"[('박영숙, 제롬 글렌 (지은이), 이영래 ', '(옮긴이)', '|')]"
2017,12,나의 문화유산답사기 10 : 서울편 2,"[('유홍준 ', '(지은이)', '|')]"
2017,12,대담한 작전,"[('유발 하라리 (지은이), 김승욱 (옮긴이), 박용진 ', '(감수)', '|')]"
2017,12,ETS 토익 정기시험 기출문제집 LC,"[('ETS (엮은이) | (주)YBM', '(와이비엠)', '|')]"
2017,12,뱀과 물,"[('배수아 ', '(지은이)', '|')]"
2017,12,이 삶을 사랑하지 않을 이유가 없다,"[('니나 리그스 (지은이), 신솔잎 ', '(옮긴이)', '|')]"
2017,12,미스테리아 15호,"[('미스테리아 편집부 ', '(지은이)', '|')]"
2017,12,큰별쌤 최태성의 별★별한국사 한국사능력검정시험 고급(1.2급) 상,"[('최태성 ', '(지은이)', '|')]"
2017,12,2018 수상한 임용 심층면접,"[('김노을 ', '(지은이)', '|')]"
2018,10,하이큐!! 32,"[('후루다테 하루이치 (지은이) | 대원씨아이', '(만화)', '|')]"
2018,10,알려지지 않은 예술가의 눈물과 자이툰 파스타,"[('박상영 ', '(지은이)', '|')]"
2018,10,마틸다 (반양장),"[('로알드 달 (지은이), 퀀틴 블레이크 (그림), 김난령 ', '(옮긴이)', '|')]"
2018,10,나의 히어로 아카데미아 19 (한정판),"[('호리코시 코헤이 (지은이) | 서울미디어코믹스', '(서울문화사)', '|')]"
2018,10,나미야 잡화점의 기적,"[('히가시노 게이고 (지은이), 양윤옥 ', '(옮긴이)', '|')]"
2018,10,수학이 필요한 순간,"[('김민형 (지은이) | 인플루엔셜', '(주)', '|')]"
2018,10,해커스 토익 실전 1000제 1 LC 리스닝 문제집 (Hackers TOEIC Listening),"[('해커스어학연구소 ', '(지은이)', '|')]"
2018,10,오늘처럼 내가 싫었던 날은 없다,"[('글배우 ', '(지은이)', '|')]"
2018,10,2019 이동기 핵심문법 100포인트 요약노트,"[('이동기 ', '(지은이)', '|')]"
2018,10,하마터면 열심히 살 뻔했다,"[('하완 ', '(지은이)', '|')]"
2018,10,고래 책,"[('안드레아 안티노리 (지은이), 홍한결 ', '(옮긴이)', '|')]"
2018,10,ETS 토익 정기시험 기출문제집 LC,"[('ETS (엮은이) | (주)YBM', '(와이비엠)', '|')]"
2018,10,디즈니의 악당들 1 : 사악한 여왕,"[('세레나 발렌티노 (지은이), 주정자 ', '(옮긴이)', '|')]"
2018,10,시는 내가 홀로 있는 방식,"[('페르난두 페소아 (지은이), 김한민 ', '(옮긴이)', '|')]"
2018,10,비탄의 문 1,"[('미야베 미유키 (지은이), 김은모 ', '(옮긴이)', '|')]"
2018,10,2018 ACL 김중근 형법 60일 예상적중문제선 : 3차 대비,"[('김중근 ', '(지은이)', '|')]"
2018,10,백일의 낭군님 포토에세이,"[('백일의 낭군님 제작팀 (지은이) | arte', '(아르테)', '|')]"
2018,10,나의 문화유산답사기 : 산사 순례,"[('유홍준 ', '(지은이)', '|')]"
2018,10,개인주의자 선언,"[('문유석 ', '(지은이)', '|')]"
2018,10,하하하이고,"[('실키 ', '(지은이)', '|')]"
2018,10,반짝반짝 공화국,"[('오가와 이토 (지은이), 권남희 ', '(옮긴이)', '|')]"
2018,10,2018 ACL 김중근 형사소송법 60일 예상적중문제선 : 3차 대비,"[('김중근 ', '(지은이)', '|')]"
2018,10,언어의 온도 (100만부 돌파 기념 양장 특별판),"[('이기주 ', '(지은이)', '|')]"
2018,10,2019 이동기 핵심문법 700제 단원별 정리 + 실전문제,"[('이동기 ', '(지은이)', '|')]"
2018,10,2019 전한길 한국사 1개년 기출문제집,"[('전한길 ', '(지은이)', '|')]"
2018,10,잃어버린 영혼,"[('올가 토카르추크 (지은이), 요안나 콘세이요 (그림), 이지원 ', '(옮긴이)', '|')]"
2018,10,나의 외국어 학습기,"[('김태완 ', '(지은이)', '|')]"
2018,10,백일의 낭군님 1,"[('노지설 ', '(지은이)', '|')]"
2018,10,인생 우화,"[('류시화 (지은이), 블라디미르 루바로프 ', '(그림)', '|')]"
2018,10,백일의 낭군님 2,"[('노지설 ', '(지은이)', '|')]"
2018,10,연애의 기억,"[('줄리언 반스 (지은이), 정영목 ', '(옮긴이)', '|')]"
2018,10,아몬드 (반양장),"[('손원평 ', '(지은이)', '|')]"
2018,10,호모 데우스,"[('유발 하라리 (지은이), 김명주 ', '(옮긴이)', '|')]"
2018,10,해커스 토익 RC 리딩 (Hackers TOEIC Reading),"[('David Cho ', '(지은이)', '|')]"
2018,10,쇼코의 미소,"[('최은영 ', '(지은이)', '|')]"
2018,10,비탄의 문 2,"[('미야베 미유키 (지은이), 김은모 ', '(옮긴이)', '|')]"
2018,10,2018 하반기 단기 합격 해커스 NCS 직업기초능력평가 + 직무수행능력평가,"[('윤종혁, 해커스잡 취업교육연구소, 김소원, 김태형 ', '(지은이)', '|')]"
2018,10,미스터 션샤인 2,[]
2018,10,있으려나 서점,"[('요시타케 신스케 (지은이), 고향옥 ', '(옮긴이)', '|')]"
2018,10,에듀윌 한국사 능력 검정시험 2주끝장 고급 3.0,"[('한국사기출연구회 ', '(엮은이)', '|')]"
2018,10,원펀맨 One Punch Man 17,"[('ONE (글), 무라타 유스케 (그림) | 대원씨아이', '(만화)', '|')]"
2018,10,2019 선재국어 (전4권 + 워크북),"[('이선재 ', '(지은이)', '|')]"
2018,10,첫째 딸로 태어나고 싶지는 않았지만,"[('리세터 스하위테마커르, 비스 엔트호번 (지은이), 이상원 ', '(옮긴이)', '|')]"
2018,10,2019 민준호 사회 기출문제집 - 전3권,"[('민준호 ', '(지은이)', '|')]"
2018,10,2018 하반기 해커스 GSAT 삼성직무적성검사 실전모의고사,"[('해커스잡 취업교육연구소 ', '(지은이)', '|')]"
2018,10,미스터 션샤인 1,[]
2018,10,그대는 할말을 어디에 두고 왔는가,"[('허수경 ', '(지은이)', '|')]"
2018,10,곁에 남아 있는 사람,"[('임경선 ', '(지은이)', '|')]"
2018,10,아흔일곱 번의 봄여름가을겨울,"[('이옥남 ', '(지은이)', '|')]"
2018,10,알지 못하는 모든 신들에게,"[('정이현 ', '(지은이)', '|')]"
2019,12,ETS 토익 정기시험 기출문제집 1000 Vol. 2 Reading (리딩),"[('ETS (엮은이) | (주)YBM', '(와이비엠)', '|')]"
2019,12,김락희의 인체 드로잉,"[('김락희 (지은이), 윤관현 ', '(감수)', '|')]"
2019,12,윤희에게 시나리오,"[('임대형 ', '(지은이)', '|')]"
2019,12,엄마의 20년,"[('오소희 ', '(지은이)', '|')]"
2019,12,노견일기 2,"[('정우열 ', '(지은이)', '|')]"
2019,12,82년생 김지영,"[('조남주 ', '(지은이)', '|')]"
2019,12,Go Go 카카오프렌즈 11 : 한국,"[('김미영 (지은이), 김정한 ', '(그림)', '|')]"
2019,12,ETS 토익 정기시험 기출문제집 1000 Vol. 2 Listening (리스닝),"[('ETS (엮은이) | (주)YBM', '(와이비엠)', '|')]"
2019,12,2020 선재국어 한 권으로 정리하는 마무리,"[('이선재 ', '(지은이)', '|')]"
2019,12,영어 회화 핵심패턴 233 (본책 + 예문 듣기 MP3 파일 무료 다운로드 + 음성 강의 무료 다운로드 + 정답 및 훈련용 소책자),"[('백선엽 ', '(지은이)', '|')]"
2019,12,콜 미 바이 유어 네임,"[('안드레 애치먼 (지은이), 정지현 (옮긴이) | 잔', '(도서출판)', '|')]"
2019,12,정재승의 인간 탐구 보고서 2,"[('정재은, 이고은 (글), 김현민 (그림), 정재승 ', '(기획)', '|')]"
2019,12,목소리를 드릴게요,"[('정세랑 ', '(지은이)', '|')]"
2019,12,초등학생이 알아야 할 과학 100가지,"[('알렉스 프리스, 미나 레이시, 제롬 마틴, 조너선 멜모스 (지은이), 조지 마틴, 페데리코 마리아니 (그림), 최새미 (옮긴이), 로저 트렌드 ', '(감수)', '|')]"
2019,12,2020 미니멀 가계부 × 피터래빗,"[('유나 편집부 (엮은이), 스튜디오 유나 ', '(그림)', '|')]"
2019,12,너와 나 (책 + 정규 9집),"[('루시드 폴 ', '(지은이)', '|')]"
2019,12,기묘한 병 백과,"[('도밍 ', '(지은이)', '|')]"
2019,12,스킵 비트! 44,"[('나카무라 요시키 (지은이), 한나리, 서현아 (옮긴이) | 시공사', '(만화)', '|')]"
2019,12,부의 인문학,"[('브라운스톤 ', '(지은이)', '|')]"
2019,12,진혼 1~3 세트 - 전3권 (완결),"[('Priest ', '(지은이)', '|')]"
2019,12,정의란 무엇인가,"[('마이클 샌델 (지은이), 김명철 (옮긴이), 김선욱 ', '(감수)', '|')]"
2019,12,던전밥 8,"[('쿠이 료코 (지은이), 김민재 ', '(옮긴이)', '|')]"
2019,12,왕자와 드레스메이커,"[('젠 왕 (지은이), 김지은 ', '(옮긴이)', '|')]"
2019,12,역사의 쓸모 (윈터 에디션),"[('최태성 (지은이) | 다산초당', '(다산북스)', '|')]"
2019,12,잠이 오는 이야기,"[('유희진 ', '(지은이)', '|')]"
2019,12,디디의 우산,"[('황정은 ', '(지은이)', '|')]"
2019,12,인소의 법칙 12 (한정판),"[('유한려 ', '(지은이)', '|')]"
2019,12,틀 밖에서 놀게 하라,"[('김경희 ', '(지은이)', '|')]"
2019,12,관계의 과학,"[('김범준 ', '(지은이)', '|')]"
2019,12,나의 히어로 아카데미아 25 (2020 벽걸이 캘린더 포함 한정판),"[('호리코시 코헤이 (지은이) | 서울미디어코믹스', '(서울문화사)', '|')]"
2019,12,하이큐!! 39,"[('후루다테 하루이치 (지은이) | 대원씨아이', '(만화)', '|')]"
2019,12,호텔 창문,"[('편혜영, 김금희, 김사과, 김혜진, 이주란, 조남주, 최은미 ', '(지은이)', '|')]"
2019,12,컬러의 힘,"[('캐런 할러 (지은이), 안진이 ', '(옮긴이)', '|')]"
2019,12,방랑자들,"[('올가 토카르추크 (지은이), 최성은 ', '(옮긴이)', '|')]"
2019,12,열혈강호 79,"[('전극진 (글), 양재현 (그림) | 대원씨아이', '(만화)', '|')]"
2019,12,하이큐!! 39 (캘린더 한정판),"[('후루다테 하루이치 (지은이) | 대원씨아이', '(만화)', '|')]"
2019,12,그 사랑 놓치지 마라,"[('이해인 ', '(지은이)', '|')]"
2019,12,이상한 과자 가게 전천당 3,"[('히로시마 레이코 (지은이), 쟈쟈 (그림), 김정화 ', '(옮긴이)', '|')]"
2019,12,나의 히어로 아카데미아 25,"[('호리코시 코헤이 (지은이) | 서울미디어코믹스', '(서울문화사)', '|')]"
2019,12,빨강 머리 앤 (양장),"[('루시 모드 몽고메리 (지은이), 애니메이션 <빨강 머리 앤> 원화 (그림), 박혜원 ', '(옮긴이)', '|')]"
2019,12,초등 매일 공부의 힘,"[('이은경 ', '(지은이)', '|')]"
2019,12,식물의 책,"[('이소영 ', '(지은이)', '|')]"
2019,12,마도조사 3,"[('묵향동후 (지은이), 이현아 ', '(옮긴이)', '|')]"
2019,12,숨,"[('테드 창 (지은이), 김상훈 ', '(옮긴이)', '|')]"
2019,12,오늘의 SF #1,"[('정소연, 전혜진, 정보라, 김지은, 연상호, 이다혜, 김현재, 김이환, 박해울, 듀나, 김초엽, 해도연, 김창규, 배명훈, 최지혜, 오정연, 김원영, 황희선, 이지용, 정세랑, 이강영 (지은이) | arte', '(아르테)', '|')]"
2019,12,꿈꾸는 책들의 도시 1,"[('발터 뫼어스 (지은이), 플로리안 비게 (그림), 전은경 ', '(옮긴이)', '|')]"
2019,12,이상한 과자 가게 전천당 4,"[('히로시마 레이코 (지은이), 쟈쟈 (그림), 김정화 ', '(옮긴이)', '|')]"
2019,12,그 집 아들 독서법,"[('이지연 ', '(지은이)', '|')]"
2019,12,해커스 토익 RC 리딩 READING,"[('David Cho ', '(지은이)', '|')]"
2019,12,에듀윌 한국사 능력 검정시험 2주끝장 고급,"[('한국사기출연구회 ', '(지은이)', '|')]"
2020,9,진짜 진짜 얼굴을 찾아서,"[('조용 (지은이), 잠산 ', '(그림)', '|')]"
2020,9,큰별쌤 최태성의 별★별한국사 한국사능력검정시험 심화(1.2.3급) 상,"[('최태성 ', '(지은이)', '|')]"
2020,9,자아와 명상 2 워크북,"[('동국대학교 자아와 명상 교재편찬위원회 ', '(지은이)', '|')]"
2020,9,"다시, 수학이 필요한 순간","[('김민형 (지은이) | 인플루엔셜', '(주)', '|')]"
2020,9,미국 주식이 답이다 2021,"[('이항영, 이승원, 장우석 ', '(지은이)', '|')]"
2020,9,규칙 없음,"[('리드 헤이스팅스, 에린 메이어 (지은이), 이경남 ', '(옮긴이)', '|')]"
2020,9,하루 10분의 기적 초등 패턴 글쓰기,"[('남낙현 ', '(지은이)', '|')]"
2020,9,멀쩡한 어른 되긴 글렀군,"[('최고운 ', '(지은이)', '|')]"
2020,9,설민석의 세계사 대모험 6,"[('설민석, 잼 스토리 (지은이), 박성일 ', '(그림)', '|')]"
2020,9,책 좀 빌려줄래?,"[('그랜트 스나이더 (지은이), 홍한결 ', '(옮긴이)', '|')]"
2020,9,여름 언덕에서 배운 것,"[('안희연 ', '(지은이)', '|')]"
2020,9,악역의 엔딩은 죽음뿐 1~4 + 외전 박스 세트 - 전5권,"[('권겨을 ', '(지은이)', '|')]"
2020,9,페스트,"[('알베르 카뮈 (지은이), 김화영 ', '(옮긴이)', '|')]"
2020,9,나의 히어로 아카데미아 27 (한정판),"[('호리코시 코헤이 (지은이) | 서울미디어코믹스', '(서울문화사)', '|')]"
2020,9,만약의 세계,"[('요시타케 신스케 (지은이), 양지연 ', '(옮긴이)', '|')]"
2020,9,지적 대화를 위한 넓고 얕은 지식 1,"[('채사장 ', '(지은이)', '|')]"
2020,9,달러구트 꿈 백화점,"[('이미예 ', '(지은이)', '|')]"
2020,9,정년이 2,"[('서이레 (지은이), 나몬 ', '(그림)', '|')]"
2020,9,두 번째 지구는 없다,"[('타일러 라쉬 (지은이), 이영란 ', '(감수)', '|')]"
2020,9,내일은 실험왕 50,"[('스토리 a. (지은이), 홍종현 (그림), 박완규, 이창덕 ', '(감수)', '|')]"
2020,9,목마름,"[('요 네스뵈 (지은이), 문희경 ', '(옮긴이)', '|')]"
2020,9,검찰개혁과 촛불시민,"[('조국백서추진위원회 ', '(지은이)', '|')]"
2020,9,끝없는 이야기 (리커버 특별판),"[('미하엘 엔데 (지은이), 로즈비타 콰드플리크 (그림), 허수경 ', '(옮긴이)', '|')]"
2020,9,코스모스,"[('칼 세이건 (지은이), 홍승수 ', '(옮긴이)', '|')]"
2020,9,철학의 숲,"[('브렌던 오도너휴 (지은이), 허성심 ', '(옮긴이)', '|')]"
2020,9,New Everyday English Book 4,"[('English Textbook Committee ', '(지은이)', '|')]"
2020,9,CHANGE 9 체인지 나인,"[('최재붕 ', '(지은이)', '|')]"
2020,9,리더라면 정조처럼,"[('김준혁 ', '(지은이)', '|')]"
2020,9,교육심리학 (신명희 외),"[('신명희 ', '(지은이)', '|')]"
2020,9,던전밥 9,"[('쿠이 료코 (지은이), 김민재 ', '(옮긴이)', '|')]"
2020,9,여름의 빌라,"[('백수린 ', '(지은이)', '|')]"
2020,9,어린 왕자 (리커버 특별판),"[('앙투안 드 생텍쥐페리 (지은이), 황현산 ', '(옮긴이)', '|')]"
2020,9,정재승의 인간 탐구 보고서 4,"[('정재은, 이고은 (글), 김현민 (그림), 정재승 ', '(기획)', '|')]"
2020,9,더 셜리 클럽,"[('박서련 ', '(지은이)', '|')]"
2020,9,십 년 가게 3,"[('히로시마 레이코 (지은이), 사다케 미호 (그림), 이소담 ', '(옮긴이)', '|')]"
2020,9,해커스 토익 RC 리딩 READING,"[('David Cho ', '(지은이)', '|')]"
2020,9,비즈니스 아이디어의 탄생,"[('데이비드 블랜드, 알렉산더 오스터왈더 (지은이), 유정식 ', '(옮긴이)', '|')]"
2020,9,세계미래보고서 2035-2055,"[('박영숙, 제롬 글렌 (지은이) | 교보문고', '(단행본)', '|')]"
2020,9,일반물리학 제2권,"[('데이비드 할리데이, Robert Resnick, Jearl Walker (지은이), 고려대.서강대.연세대.이화여대.충남대.한양대 ', '(옮긴이)', '|')]"
2020,9,화성 연대기,"[('레이 브래드버리 (지은이), 조호근 ', '(옮긴이)', '|')]"
2020,9,설민석의 한국사 대모험 14,"[('설민석, 스토리박스 (지은이), 정현희 (그림), 태건 역사 연구소 ', '(감수)', '|')]"
2020,9,사피엔스,"[('유발 하라리 (지은이), 조현욱 (옮긴이), 이태수 ', '(감수)', '|')]"
2020,9,정의란 무엇인가,"[('마이클 샌델 (지은이), 김명철 (옮긴이), 김선욱 ', '(감수)', '|')]"
2020,9,고래별 1,"[('나윤희 ', '(지은이)', '|')]"
2020,9,지적 대화를 위한 넓고 얕은 지식 : 제로 편,"[('채사장 ', '(지은이)', '|')]"
2020,9,2020 하반기 최신판 해커스공기업 단기 합격 NCS 기본서 직업기초능력평가 + 직무수행능력평가,"[('김소원, 김태형, 복지훈, 윤종혁, 해커스 취업교육연구소 ', '(지은이)', '|')]"
2020,9,하버드 상위 1퍼센트의 비밀 (리커버 에디션),"[('정주영 ', '(지은이)', '|')]"
2020,9,프리즘,"[('손원평 ', '(지은이)', '|')]"
2020,9,"트바로티, 김호중","[('김호중 (지은이), 스토리베리 ', '(구성)', '|')]"
2020,9,해리 포터와 불의 잔 (일러스트 에디션),"[('J.K. 롤링 (지은이), 짐 케이 (그림), 강동혁 ', '(옮긴이)', '|')]"
