title,counter
해리포터,149
마법사,34
돌,33
무선,163
비밀,134
방,41
노자,16
세기,66
스쿨버스,138
만행,6
아웃사이더,18
철도원,4
나라,254
이웃,87
성공,41
웹,32
사이트,11
가지,147
비결,38
두려움,3
도올,12
김용옥,3
금강경,3
영어,368
공부,397
일반용,15
시대,78
여자,127
거짓,7
비극,7
역사,123
디지털,15
다윈,7
이즘,4
사과,85
풍경,24
누가,150
내,579
머리,125
똥,135
눈,43
사람,295
아저씨,40
비즈니스,10
단기,20
매매,12
원칙,14
인디언,2
숲,52
가상,4
사회,71
전자,11
상거래,11
여행,167
그림책,108
기차,87
ㄱ,77
ㄴ,77
ㄷ,77
로마인,104
이야기,497
그것,3
꿈,113
싹,69
곤충,12
일기,60
엄마,278
꼬마,15
철학자,11
경제학,91
시,81
사진,58
중국,31
기행,28
아빠,243
사랑,559
몰입,17
즐거움,26
손,97
할머니,46
만두,26
우주,31
날,217
그,43
무엇,104
문명,16
창세기,1
바람,90
딸,35
우리,431
땅,22
화두,2
혜능,2
셰익스피어,2
주식,49
초보,7
혼불,3
세상,145
수탉,17
코,20
품,6
나무,144
기도,12
집,218
이제,3
와인,22
지식,146
지배,9
강아지똥,115
인터넷,24
자본주의,15
혁명,84
개인,20
투자가,3
때,112
팔,7
아이,433
쎄,1
느,1
강,6
좌우,19
한강,1
남북,1
자전거,29
도둑,56
자신,19
유아,12
손정의,1
경영,23
전략,33
아들,47
누구,58
겨울,29
꽃,59
옆집,2
수학,125
문학,27
예술,12
사회사,2
하늘,39
바다,46
도리도리,2
짝짜꿍,2
당신,144
미술관,35
빌,13
게이츠,3
생각,177
속도,21
산타,4
마을,34
홀림,1
영화,26
한국사,285
프리젠테이션,2
오,10
주니어,7
나,761
억,36
달,138
만,99
사이버,3
투자,78
실천,27
거리,22
소멸,3
아마존,6
개,142
토,1
릭,14
킴,13
미국,34
발음,14
홈페이지,17
년,255
판,501
구석구석,2
인체,12
탐험,8
어른,27
학교,67
목욕,14
짝꿍,41
최영대,41
증권,2
기사,21
활용,21
윈도우,1
파워,6
유저,1
포르노,2
그라피,1
주인공,1
아이디어,4
하나,40
백만장자,14
세밀화,66
보리,75
어린이,159
식물,12
도감,20
양장,177
행복,288
불,36
잔,29
부자,255
가난,99
창가,63
토토,66
아즈,24
카반,24
죄수,24
가이드,13
언제,96
너,299
이윤기,66
그리스,82
로마,82
신화,96
가시고기,12
치즈,40
국화꽃,5
향기,16
베이비,12
맘,19
여성,9
특별,208
남자,147
일,267
승리,9
프레이리,2
교사,13
신,81
거울,12
정원,47
상,74
것,341
의미,11
지오,2
팩,3
츠,2
대,118
결정,48
게바라,20
평전,41
브,8
르,6
권,780
합본,15
단타,8
타이밍,4
엘리자베스,1
세,55
송시열,2
인생,238
진단,7
문제,37
해결,7
장우,6
말,260
몸,121
플래시,24
액션스크립트,3
매직,1
종이,92
괴물,56
렉서스,3
올리브,5
칼,18
삿,2
여인숙,2
떨림,4
순,42
어디,86
낙타,1
십,18
리,104
밖,58
물,22
냄새,4
애니메이션,18
인물,10
사상,12
삶,104
마무리,32
외국어,5
수,106
달팽이,8
상실,12
도깨비,54
곰,64
사냥,63
구멍,66
굴비,1
낚시,1
아기,120
사전,120
순이,15
동생,26
손길,1
문화,13
별,98
설탕,88
민족,2
태교,5
동화,21
포토샵,12
펠릭스,2
돈,65
디자인,24
객지,1
마인드,8
도쿠가와,6
이에야스,6
인간,121
색,12
수수께끼,10
휴식,7
발마,3
사지,3
분,119
드림,9
위버,4
고급,41
길라잡이,6
한국인,7
심리,29
보고서,27
관리사,6
실기,4
시험,135
쇼핑몰,1
구축,1
관리,5
번,73
브루너,6
화학,3
변명,2
깡통,2
나모,3
에디터,3
농담,13
商道,9
시칠리아,2
암소,2
정글,42
하이,1
청소부,26
예찬,1
진술,1
현대,8
한국,153
흐름,5
지식인,1
코드,28
미래,94
부,96
시간,144
허울,1
세계,317
창간호,7
물고기,45
잭,10
웰치,10
방식,4
필드,1
북,92
엥키,1
빌랄,1
니코폴,1
감옥,19
편지,120
지도리,1
클릭,1
앤,38
모르타르,1
세모,1
생일,3
복수,4
다음,1
빈센트,4
반,19
고흐,9
영혼,97
자서전,8
줄,16
염소,4
쾌도,1
담,5
공화국,7
포스,1
표,79
향수,15
순정,10
천사,25
제국,13
무명,1
조화,6
스노우,7
맨,8
비디오,4
테이프,191
왼쪽,6
오른쪽,1
크리스마스,22
선물,45
냉정,30
열정,34
사이,49
곡,2
나우,2
시카,2
기획,7
답,87
웬디,6
수녀,6
유럽,59
미술,15
산책,31
청바지,1
예수,16
만화,105
삼국지,50
비빔,3
툰,3
꿀,5
시작,63
조커,14
카드,22
언니,32
기로,1
단순,17
최고,68
경쟁력,1
시인,18
독서,49
기업,15
해체,3
쿰란,2
지적,83
사기,42
맛,22
편,240
세트,379
대화,102
리눅스,2
레드햇,1
벤처,1
창업,1
코스닥,1
등록,1
촌놈,4
김용택,2
극장,3
멀티미디어,1
과일,1
채소,5
공존,2
남성,1
심리학자,1
골든,6
장갑,2
인문,4
주의자,28
무소,1
작,4
씨,55
종생,1
기,17
크라바트,1
오대리,1
영국,5
노동,3
계급,2
형성,1
경제,53
신어사전,1
습관,101
가짜,9
딸기,8
밭,73
정복,38
계속,5
아가,4
雅歌,3
오즈,5
교수,22
광인,4
빵,104
가게,23
습격,5
몽상,8
꼬리,4
비기너,7
절망,5
뱃놀이,7
다섯,21
풍선,3
키즈,3
일요일,4
여기,13
세계사,66
국사,124
시장,6
논쟁,2
세포,4
손도장,1
넷,3
석,2
세스,2
소사이어티,4
영문법,48
유망,1
직종,1
부엉이,1
보름달,1
원,149
거대,7
체스,1
짜장면,4
해럴드,1
자주색,1
크레파스,7
정보,6
중개,1
허니문,2
조선,63
당쟁,1
사,77
수메르,2
이브,2
부유,2
이코노미,3
그래픽,6
안,21
세치,2
명화,29
자유,23
열매,3
악마,31
창녀,4
방송,3
교재,64
고객,2
스콧,2
니어링,7
법,192
비게,1
중세,5
빛,32
그림자,59
퍼,2
미션,2
마케팅,3
엘로이즈,2
뉴욕,4
짬뽕,14
탕수육,14
골드,4
바흐,1
추측,1
고릴라,47
게임,18
익스텐션,2
독신,1
골퍼,1
오즈마,1
공주,66
새,17
알라딘,14
램프,1
사찰,1
장식,3
상징,2
파인만,5
야생,2
동물,60
지금,5
배,13
박물관,25
미켈란젤로,3
조기,2
유학,2
아이비리그,1
토끼,24
늑대,5
호랑이,6
인터페이스,2
코리아닷컴,3
승부사,3
결혼,38
짓,2
왕따,6
질문,25
자바,3
스크립트,13
완성,50
파시즘,2
마음,71
기자,13
데이트,2
레이딩,2
수익,2
길,56
이인자,2
물머리,2
밤,84
보초병,1
개미,7
그림,143
천둥,2
치자,3
코끝,3
광해군,1
차원,2
학습,25
이태백,2
술,14
역사스페셜,3
올인,1
옥,1
그람시,1
여백,1
자운영,1
꽃밭,1
비천무,1
유리,8
지갑,1
홍,32
대리,27
세금,3
서정희,1
아라리,2
난장,2
무지개,42
부엌,9
레오나르도,2
빈치,21
진실,15
티,9
핑,9
포인트,64
라벤더,2
타임,7
라인,2
잎,5
대접,2
장미,9
이름,77
설,6
안내,1
혼자,42
전생,1
책,569
마지막,39
산,19
실크,8
로드,15
만남,9
경영자,1
직언,1
번역,4
일본,21
근대,7
소돔,1
궁예,1
딴지일보,1
졸라,1
스페셜,32
오버,6
타자기,1
거,24
기독교,2
죄악사,1
원리,23
색채,6
주문,10
요리점,2
김영사,1
일본어,12
끝내기,1
준비,15
집들이,1
보보스,3
중심,9
리더십,7
봄,15
여름,32
가을,5
뗏목,1
그녀,18
얘기,1
게놈,2
니,3
이재룡,1
할아버지,8
귀,23
꿩,2
새끼,6
링구아,4
포럼,3
문법,20
노동자,3
선언,17
쓰레기,2
책날개,3
엑셀,3
의문,1
달력,3
권력,9
컨,4
텐트,1
걸,19
그때,4
칠판,40
앞,57
화랑,2
신라,3
이슬람,7
그거,5
한비야,10
견문록,11
안녕,88
협상,13
법칙,61
우울,26
헬렌,5
밥상,78
호밀,69
파수,75
아래,7
이븐,3
바투타,3
여행기,5
충돌,3
국민,9
등,12
무라카미,6
라디오,3
끝,39
도전,18
용기,65
불량,11
국가,26
황금빛,16
누,14
이문열,10
오페라,16
유령,16
아메리카,2
간,14
그리움,2
안철수,38
승부,12
스트레칭,11
르네상스,2
숙명,3
트라이앵글,3
급,84
좌파,15
화,46
예술가,3
공지영,15
수도원,7
바이올렛,5
일등,1
적,15
중요,5
바가바드기타,1
커플,1
차이,7
힘,163
열,108
살,175
키,47
살인,32
황태자비,4
납치,7
사건,64
사색,10
노,62
빈손,61
이상,63
자연사,4
전쟁,46
도토리,3
산고양이,1
날개,15
액션,7
모반,4
백,25
오사마,1
빈,1
라덴,1
선택,32
기준,5
교양,51
달라이,13
라마,13
피노키오,4
인형,9
호두,4
대통령,22
어머니,7
페루,5
괭이,16
부리,14
돼지,78
쇄,80
기념,132
헤르만,1
헤세,2
아바,1
부동산,38
방법,36
노예,1
김석철,1
건축,4
이너,1
서클,1
이익훈,30
아킬레스,4
거북,4
하이파이브,1
프레젠테이션,3
실전,255
미란,1
기술,82
운명,38
등대지기,1
논어,40
스토리텔링,1
진시황,3
스마트,8
초이스,4
손님,17
반지,14
제왕,13
춘,24
아버지,17
유산,4
상속,5
나이,14
메이,1
킹,12
미,33
사고,2
껍질,2
속,17
서양,18
동양,4
꼬꼬,1
안젤리카,1
어둠,7
참새,1
메멘토,2
모리,20
죽음,56
기억,28
그건,16
조끼,2
이희재,9
연탄,12
화인,12
열전,13
반양장,377
지도책,46
봉지,28
리틀,6
아인슈타인,8
총,2
이슬이,6
심부름,7
오리엔탈리즘,1
의사,51
선생,42
하루,89
화장법,1
별매,262
부석사,5
공자,3
석가,3
힐링,3
프로페셔널,8
조건,16
응가,14
황소,4
강희제,1
생명,11
네오,1
퀘스트,1
콧수염,1
옹정제,1
과학,84
발견,16
암호,7
생활사,7
동사,15
가,1
야산,1
초대,10
승려,1
표현,20
독해,8
이사,3
놀이,65
마키아벨리,4
모택동,1
모자,8
항아리,2
마리,7
선,44
나침반,11
꿀벌,2
게릴라,2
굼벵이,1
라퐁텐,1
우화집,1
마왕퇴,4
귀부인,4
베로니카,12
결심,23
상상,7
아랑,1
작문,1
기본,25
영,10
작편,1
호메로스,2
키호테,2
개정판,82
가슴,9
통증,2
실패,6
교육,27
거짓말,31
담배,1
아줌마,11
양동이,9
마이너,9
리그,8
전,210
자녀,25
교육법,2
상식,22
아집,1
전쟁사,1
미카엘,1
창고,1
메디치,2
스토리,100
별똥별,10
초특급,1
대박,1
작전,3
롱,35
스타킹,32
어린애,1
기적,149
논문,1
성,12
사나이,3
풍자,1
노무현,23
사기극,4
재미,11
소유,4
종말,12
지상,10
정체,2
빈산,1
노랑꽃,1
내게는,4
쪽,3
다리,1
사슴벌레,1
상하이,1
마르코스,2
안토니오,2
앨리스,25
까막눈,20
삼,23
우정,2
거미줄,19
이현우,2
싱글,3
지쿠,2
소리,43
황홀,2
샤쓰,1
회사,17
주체,1
벽,4
정찬,3
용식,3
뼈,4
아무것,15
호치민,2
느림보,2
한가운데서,2
우노,2
마법,111
조각,98
동물원,6
아나키스트,1
이회영,1
바보,86
최선,4
계단,5
동정,2
래리,2
기쁨,19
부부,7
난,31
프랑수아,1
라블레,1
작품,43
민중,3
조지,4
가모브,1
물리,6
열차,2
윈,2
미술사,9
슈렉,2
신비,6
퀴디치,2
알도,1
사원,1
마르크스,8
프리,4
에이전트,1
다이고,1
고우영,4
장,81
페니스,1
천,65
고원,2
솝,1
방배동,2
최경숙,2
기초,62
가정,8
요리,17
일식,1
포옹,3
이주헌,1
프랑스,8
목수,3
음식,3
프레드릭,1
양식,1
수능,17
꺼꾸,1
골,4
족,2
영웅,27
아스테릭스,2
담사,1
종,28
핵심,35
예상,11
문제집,238
패스트푸드,3
악령,1
출몰,1
민,3
천재,104
하버드,29
명장,1
한니발,1
경도,2
폭,2
주도,10
비,23
차이나,1
쇼크,12
아니마,1
아니무스,1
맑스주의,2
향연,2
털,1
원숭이,1
허드슨,1
강변,1
브리짓,1
존스,2
듄,1
고추,1
기념물,1
이것,6
대로,8
성완경,1
탐사,1
레닌,1
그림일기,1
봉,6
대한민국,87
정운영,2
싱아,13
호야,14
지도,110
결국,1
구원,3
비트겐슈타인,1
육식,5
공병호,6
자기,59
노트,144
당,6
글,53
부모,107
해설,62
이성,4
단장,11
가족,26
배낭,1
풀,16
한의사,1
토마토,135
토익,1026
점수,74
서재,9
어판,1
마켓,4
혜원,1
티피,4
내력,2
명문가,5
재민겨,6
아홉,30
느낌표,12
밥,63
야생초,16
신경림,10
스푼,1
빙하,5
유혹,24
뇌,42
백범일지,6
랫,4
성경,5
고고학,1
전설,8
영화관,3
화요일,30
정리,98
이보영,26
달라이라마,3
무인도,13
무량수전,9
배흘림기둥,9
이웃집,2
의자,19
뒷모습,3
사막,15
황,7
만근,7
동네,6
아파트,8
항우,1
유방,1
위,25
중립,2
해커스,630
그래머,35
터널,6
곽재구,7
포구,7
유시민,37
카페,19
셜록,46
홈즈,26
전집,24
뭐,21
자,56
파리,19
범인,1
프로그램,3
레드먼드,1
위아래,4
마술사,6
이은결,3
마술,12
혼,11
사마천,3
금융,12
카메라,3
입문,3
틱낫한,4
평화,9
시기심,1
데이빗,23
마당,82
암탉,77
두부,4
사금파리,4
명작,8
링크,3
설득,18
민주,8
이후,9
민주주의,10
도쿄대,1
화가,4
우연,2
시선,13
현대사,21
대편,4
신명,2
색마,1
이색,1
중국인,2
상술,1
삼국유사,2
겨울나기,1
미애,1
루이,2
버스,22
얼굴,24
노벨상,4
수상자,4
악역,5
슬픔,26
지구,21
여행자,8
엘러,5
건,30
트,46
유니버스,6
시리즈,11
지혜,4
노마디즘,2
교과서,169
눈물,8
우산,2
플레이보이,1
걸작선,4
리딩,207
회화,57
뱀장어,5
스튜,5
책벌레,9
오브,12
노하우,2
로지,3
컬,2
씽,6
형,2
뷰티풀,1
쑥,4
귀환,1
마리오,1
왼손,3
오른손,2
오국,1
만병,1
냉기,1
제거,1
건강법,4
에이,2
번리,2
이해,5
초등학생,14
직업,35
완당,4
글쓰기,45
만일,5
명,13
뒤마,2
클럽,7
플랑드르,2
거장,2
평발,3
상경,1
인류,30
문화유산,39
사생활,22
괴도,1
신사,2
아르센,1
뤼팽,1
거인,6
멸치,1
골격,1
근육,1
코어,2
폭력,8
원정혜,2
해피,12
요가,8
다이어트,38
한국어,2
희망,23
한국학,2
요셉,6
오버코트,6
왕자,49
명반,1
은퇴,2
주,20
뱃살,15
복근,2
운동,12
바우,3
자존심,3
동안,26
아랍인,1
십자군,23
백인,1
아담,2
이유식,64
재즈,3
에세이,5
섬,7
골프,3
색깔,7
선인장,21
호텔,30
리디아,3
마녀,21
위니,7
오른발,6
왼발,6
지각,24
대장,23
존,34
귀신,27
알,7
족자,1
갯벌,2
이용,11
말괄량이,1
기관차,1
치치,1
간식,4
입체,4
백과사전,5
구리,3
구라,2
개구리,19
벼락,16
미소,22
영원,12
리베로,1
히딩크,2
리티,3
리포트,9
에로,2
배종수,2
神話,1
최전선,3
환상,7
동화집,2
따귀,1
운디드니,2
유쾌,3
터키,6
성서,2
무대,6
센,1
치히로,1
행방불명,1
팝콘,2
브라운,13
신부,9
화원,11
마니아,3
클림트,2
시녀,2
바이,2
코리아,23
지속,6
마님,2
요재지이,2
말문,2
프로젝트,6
물푸레,3
한자,17
왕국,14
소환장,1
웨이,1
경제학자,1
설계,10
건축가,1
가우디,1
시나리오,5
은행가,1
매트,3
리들리,1
여왕,9
강점,1
솔이,10
추석,10
인,22
듀어,1
런,2
스,7
화산,7
과학자,12
송양민,2
여섯,8
식당,7
선비,5
성적,26
오주석,3
美,2
특강,60
나비,4
뽀삐,132
소아과,108
개정,108
불사조,8
기사단,8
라임,15
오렌지,14
아침,25
파페,23
포포,23
투게더,4
내게로,5
칭찬,35
고래,38
생애,33
메모리즈,9
막,5
고기잡이,4
갈대,4
톨스토이,11
단편,11
징조,3
해변,6
카프카,6
노력,14
뒷골목,6
삼미,13
슈퍼스타즈,13
팬클럽,13
메모,16
숟가락,7
연금술사,49
폰더,20
탐욕,4
띠,27
보드,34
총각네,2
야채,2
낭만,6
쿼런틴,1
가방,10
초원,4
버드나무,9
악랄,1
야만인,1
걸음,7
종자,3
정재승,26
콘서트,46
이유,34
커피,7
목표,2
성취,1
낙하,1
저녁,11
씨방,3
일곱,20
동무,4
변신,2
스트레스,3
연애,30
히틀러,1
처칠,1
심청,1
에디,7
천국,13
윌리,2
신나,15
명절,15
한솥밥,6
김성동,2
천자문,2
마법천자문,101
사라,8
이건희,8
개혁,5
도,1
열하일기,7
웃음,11
역설,7
시공간,7
모모,34
다빈치,1
최초,3
정민,5
순간,35
벼슬,1
그대,28
모기,2
김영하,1
이우일,1
퇴계,2
고봉,2
창의,2
업,7
전작,1
청소년,11
토지,5
길모퉁이,2
지허,1
스님,40
차,29
발명,1
폭풍,5
가운데,1
원시,1
아이스케키,1
종소리,2
관촌,4
수필,4
변경,2
영재,3
피터,21
드러커,6
중독,1
난장이,14
공,15
남극,3
어드벤처,11
오리엔트,4
서준식,1
여동생,3
풀백,1
부작,1
로빈슨,1
크루소,1
두꺼비,11
하예,1
린,1
하늘말나리,19
배반,5
탄생,38
콘돌리자,1
라이스,4
지선,6
까마귀,3
소년,57
폭소,2
은지,1
푹신,1
오세암,1
박재동,2
스케치,11
두뇌,10
자유인,1
환경,2
김순영,2
매트릭스,1
키친,4
단어,244
스티커,45
재주,1
무늬,2
만희,3
쏘피,1
하리,4
생물학,4
피라미드,9
논리,6
농장,11
한국미,2
자유분방,2
미학,7
입,24
밥벌이,2
지전,2
모델,1
고백,17
의학,3
제인,5
에어,5
숫자,1
삿포로,1
맥주,1
신호등,2
장면,1
反,2
광수,2
옷,2
짠돌이,1
충치,1
이,12
콤,2
식객,8
월급,3
재테크,41
시베리아,3
가면,2
퇴근,2
후,72
으랏차차,3
대장정,2
예담,2
화장,4
비타민,5
북소리,1
신영복,3
엽서,13
목적,30
심,2
퀴리,2
부인,3
공기,3
평생,43
초등,84
학년,25
피아노,4
소걸음,2
천리,2
단,14
진주,11
귀고리,11
소녀,30
들판,3
예언,3
사교육,5
번지,3
대치동,2
입시,3
문장,24
우리말,5
좌충우돌,4
오디세이,10
퍼포먼스,1
스노우캣,1
덩샤오핑,3
규칙,6
아틀라스,5
카리스마,8
용서,4
주말,6
손바닥,2
친구,30
교양인,2
스타트,115
황진,2
파이,28
방향,5
샬롯,20
이미도,3
활어,3
찰리,16
초콜릿,15
공장,14
자살토끼,2
병원,4
생존,5
이론,5
학생,1
침대,3
테,2
크리스타,1
은행,7
샤갈,1
마틸다,2
마중,4
환월,1
기담,7
여우,78
강의,100
지진,4
필요,62
그리기,15
하울,3
전망,7
책문,2
물음,2
너희,4
추방,2
조제,1
사실,2
기록,14
핑거,5
포스트,4
셰프,1
단련,3
신들메,1
오빠,6
김남주,1
삼봉,1
정도,4
건국,1
철학,48
청취,1
보급판,5
최신,94
모의시험,1
중급,5
모성,1
김대균,1
기출,231
제,122
점심,2
평,2
동아,3
국어사전,13
색인,1
초급,4
언어,52
유형,18
기법,2
정치,12
연봉,2
자본,17
문익환,1
氣,1
學,1
분력,3
뾰족산,1
모험,67
전래,1
자장가,1
자미,1
잠,11
미궁,2
음모론,1
덤벨,1
변화,8
손님상,3
울,2
동굴,3
경매,15
정약용,4
형제,10
윤광준,3
디카,2
사다리,9
모,3
근,2
도시,59
생태,4
빨강,21
절대,6
혀,2
백만,9
군사,1
트로이,2
박경림,4
적금,4
통장,36
앤서니,10
살인자,12
지리,20
산행,1
중학교,6
좁쌀,1
공허,1
벼랑,1
고전,23
명언,5
고향,1
자궁,1
현경,1
神,9
교실,15
해,65
선장,2
보물,6
건강,10
국,2
찌개,2
킴벌리,1
사중주,1
왕,120
장남,1
단테,3
정재서,1
이병철,1
대전,6
바바라,2
최후,2
배심원,1
창,12
미네르바,1
성냥갑,1
바닥칠,2
외딴집,1
식구,1
실행,4
집중,4
브레인,3
성배,1
하멜,1
표류기,1
인터뷰,5
요츠바,6
북한,1
옛날,2
덫,1
스물,11
모습,1
논술,4
트렌드,30
죽비,2
몽고반점,3
잔소리,25
그릇,13
반값,2
낙찰,2
별책,27
용어,4
해설집,142
포함,94
양파,4
워드,2
프로세서,1
필기,60
대비,11
우등생,1
은하수,9
히치,9
안내서,9
연습장,3
혼혈,20
행군,45
현명,21
대화법,26
서른,43
상처,44
가치,22
긍정,37
독살,15
블루,11
오션,11
도쿄,18
타워,6
과자,26
풍물,4
백과,22
구름,53
패배자,2
밀라,5
감각,9
엘리베이터,6
폐경,1
장외,3
스펀지,14
유진,19
보물찾기,67
이현세,2
바로보기,1
쾌도난마,2
자연,5
나물,6
스키너,10
상자,18
열기,10
고슴도치,7
아무,14
누군지,2
자산,3
글자,9
마시멜로,58
나니아,7
연대기,8
티라노,1
인재,5
붕괴,3
블링크,6
자살,3
마흔,43
노후,10
대책,1
시골,49
동행,3
페미니즘,4
위트,1
양장본,14
아비,2
고사성어,18
우체부,2
대담,5
속담,11
사자,15
옷장,2
사기꾼,2
킹콩,1
학원,7
저력,2
코스모스,39
메이플,77
탄,7
주식회사,3
박정희,4
방외,1
지사,1
둠즈데이,1
저축,1
데미안,21
어머님,1
노래,12
민들레,2
영토,1
통신,1
앙코르,4
월남,1
가다,1
헌법,4
미실,9
얘,1
게,25
찔레꽃,2
울타리,2
요술,2
해마,1
연어,3
퉁명,1
무당벌레,1
헌장,1
구도자,1
상상력,20
보디,2
랭귀지,2
추억,6
오리,3
출근,5
도서관,17
칭기스칸,2
고품격,1
유머,8
저격수,1
소금,3
단군,1
깨달음,3
관계,37
부자사전,2
우승,1
優勝,1
열패,1
劣敗,1
지문,4
옥주현,3
스쿨,24
앨범,2
중학,6
교편,1
법화경,1
저편,2
카스테라,2
키스,4
팀장,1
포트리스,2
네,44
레벨,6
베르테르,5
김주원,1
사진가,1
나이팅게일,1
공식,82
열흘,1
범벅,1
장수,1
쇼퍼홀릭,1
오필리아,1
거미,1
독서가,1
전부,5
히스토리,1
언,2
자히르,2
유림,4
정기,53
이빨,1
살수,1
편안,12
심리학,78
스티브,22
잡스,23
이중설,2
오답,2
영역,2
증언,2
내일,92
도모유키,1
생로병사,1
외출,1
퍼플,1
화성,9
우주인,1
배려,36
카네기,20
빈자,2
중학생,25
뉴,31
단어장,48
새무얼,1
스마일즈,1
자조론,1
벚꽃,4
계절,5
식모,1
플라이,14
대디,7
설빔,1
수업,125
프라다,8
국어,166
실력,6
낱말,7
달란트,4
공중그네,36
피라니아,5
관심,10
조르주,1
뒤비,1
호주,4
핑퐁,2
콜드,4
뿌리,16
겁쟁이,3
빌리,3
공룡,12
피터팬,1
이전,2
자존,31
복리,1
스타일,10
스미스,5
초정리,5
타짜,1
고종완,6
아내,37
인구,3
스페인,13
스윙,1
고구마,2
열쇠,6
심장,6
가로세로,12
동남아시아,4
능소화,1
시크릿,74
하우스,12
말리,2
오만,16
편견,16
광,1
쓴소리,2
장정일,4
타샤,12
튜더,5
칼리,2
피오리나,2
교수법,1
채권,2
실험,70
조용헌,4
살롱,1
박경미,2
캐러멜,1
브라이,1
역할,2
판단력,2
황진이,1
롱테일,1
공감,10
기회,10
개념어,6
밀리언,5
달러,7
티켓,4
강방천,1
다산,11
지식경영,5
처음,12
고조선,1
대륙,1
지배자,1
진시황릉,2
그램,40
원정대,23
연습,36
벌레,4
프린세스,8
네버,2
랜드,2
브라질,5
착각,7
해방,5
전후사,2
인식,2
머니,2
사이언스,2
위험,22
사이시옷,1
브로크백,2
마운틴,2
푸딩,4
서드,2
에이지,3
판타스틱,3
러시아,4
한마디,19
박지성,4
탈레스,1
박사,7
평등,2
기원,10
만큼,18
빅,31
무,3
강산,2
무진,2
디지,2
탈무드,7
발칸반도,6
사립,2
최대,4
갑부,1
역관,1
완전,6
정석,7
특허,3
래,1
한정,15
이범,1
남,3
디셉션,3
빗방울,4
독일,5
연애시대,4
이기주의자,10
소풍,2
속임수,2
식품,2
첨가물,2
워커,1
홀릭,1
민성원,1
모의고사,132
꼭지,1
힐러리,8
콘,2
디,7
페페,2
로니,2
명심보감,2
작가,43
생활,16
백서,5
곳,10
원전,3
강유원,1
공산당,1
치바,1
인테리어,6
식민지,1
셀프,7
남쪽,8
신데렐라,2
백수,1
살해,3
율리시스,2
무어,2
팥죽,1
할멈,1
손빈희,1
일상,10
머니볼,1
혁신,3
축복,4
피타고라스,1
구출,5
어스시,1
용의자,14
헌신,14
경성,1
막시무스,1
두나,4
런던,3
안정효,1
만보,1
순례자,2
투안,1
무덤,1
원행,1
바닷가,2
쇠똥구리,1
강좌,1
퍼즐,9
플루토,3
거문고,1
판서,5
나비야,3
청산,3
가자,4
열세,2
송인섭,3
호모,17
코레,4
쿠스,4
캐비닛,2
엑,1
세쿠,1
머,3
소통,3
이채원,2
자신감,2
행동,24
컬처,4
품성,1
데스,7
샘,4
포르토,4
벨로,4
친절,14
복희씨,7
사마리아,39
정조,7
대왕,12
암살,5
바리데기,11
홀리,3
가든,7
성물,10
파피용,9
후궁,2
코노,3
믹,3
경청,9
침,7
군주론,8
남한산성,12
다섯째,3
세대,15
영단,13
달인,9
육,13
약국,15
폼페이,2
리진,6
어록,3
청상,3
이산,1
헤로도토스,1
쇼핑,3
열하,1
역모,1
감정,48
퀴즈쇼,2
현실,63
절반,49
아스마,1
멸시,4
펀드,5
금성,4
현근,5
조선왕조실록,52
시즌,57
이건,1
사춘기,5
드로잉,16
꿀맛,2
리버,10
보이,10
비서,9
블라인드,1
스팟,1
자동차,5
채식주의자,14
보험,3
트릭,1
무릎,1
그리스도인,1
필름,1
직장인,2
만휘,1
네이티브,9
신의진,6
태양,13
황금,7
횡,4
이원복,10
밤길,1
한비자,1
효,3
숙의,1
소품,1
스피드,2
가계부,6
호미,2
괴짜,4
갈라파고스,4
해석,20
에너지,12
비닐,1
시트,1
제비,1
굿바이,14
게으름,10
요한복음,2
마미야,2
회계,4
앵무새,8
바티스타,1
수술,1
팀,2
영광,1
피드백,2
예감,9
사용,23
설명서,24
중동,2
기요사키,1
트럼프,1
피우,1
러브,3
유,18
롬,2
하느님,3
베일,1
반기문,1
총장,1
담화,1
소울메이트,1
안단테,4
아르헨티나,4
대소동,4
면장,3
선거,3
스티븐,2
코비,1
오늘,35
막무가내,2
유레카,1
한글,66
성석제,3
박물지,2
동아시아,1
프렌즈,26
밀양,1
불행,4
마호,1
혜,2
프레임,7
김주하,3
여럿,1
문성실,2
감사,8
스캔들,1
미스터리,8
겸손,1
경영학,3
쿵푸,1
커피프린스,3
호,34
점,5
멘토,4
개조론,1
천만,11
논리학,1
창피,2
모면,2
굴욕,2
예방,2
도덕,8
통조림,1
앨빈,2
토플러,2
아우,1
유지니아,1
전두환,1
끈기,4
문,14
밤중,5
행진,2
매혹,1
이현상,1
주인,2
논개,1
간고등어,3
코치,3
王,3
부탁,55
수식,6
이기,10
유전자,8
중,39
방범,3
도서실,1
야망,1
대유,1
훈민정음,3
잉글리시,22
하이퍼,1
포머,1
마거릿,1
켄트,1
김처선,1
전태,1
련,1
교육학,1
전국,2
추사,3
대국,1
굴기,1
마이크,2
태국,3
상위,11
행운,3
초한지,2
박노자,2
만감,2
코끼리,8
다이어리,41
성당,6
악인,1
가스,1
이펙트,2
저,10
자율,1
프라이즈,1
대모,7
공원,2
연이,1
설맞이,1
박시백,10
버블,1
붐,1
리스타트,18
베이직,8
개밥바라기,9
강물,5
하악,11
락,1
끝장,20
바이러스,11
뜸,3
응원,29
본격,3
화폐,13
금난새,7
클래식,11
다락방,48
파란만장,2
랑기,2
비파,2
레몬,4
동요,9
폴,3
크루그먼,2
제주,8
올레,2
이누가미,2
일족,2
연필,5
일러스트,12
야곱,2
능력,118
커스,2
조서,1
꼴,4
막대기,1
기별,2
오바마,11
완벽,23
건투,7
암,100
기장,100
세종,8
화포,3
버락,1
회계학,2
무료,122
암기,94
설서,45
리스크,2
자국,2
프루스트,2
공황,2
전야,2
장판,4
떡,6
동영상,46
출현,1
엽기,2
프래,2
휴대,3
소책자,6
에로스,4
독,6
서울,17
유죄,4
이클립스,14
뉴문,14
트와일라잇,18
음유,2
비들,2
캐나다,2
사라예보,1
첼리스트,1
수호천사,3
네버엔딩,2
스웨터,1
치유,1
마이,10
시스터즈,2
키퍼,2
쌍둥이별,2
창의력,8
대백과,39
고,1
저택,3
수요일,2
완득이,26
미공개,2
문단열,2
자동,2
해답,1
디테일,3
교회,6
때문,8
브리태니커,1
철인,2
속죄,3
쥬라기,1
종목,1
발굴,1
노인,39
김병종,1
라틴,1
화첩,1
여인,5
법률,1
사무소,1
김,12
목록,11
무한,2
스타,4
시커,1
오디오,7
신해철,3
쾌변,1
독설,7
편집,3
매뉴얼,4
고서점,1
손톱,1
쿨,3
승자,4
독식,1
연,21
맨드라미,1
초록,1
네덜란드,4
생,4
걸음마,2
진중권,12
알파걸,1
주눅,1
개념,7
콧구멍,1
촐라,1
체,2
회랑,1
상공,1
회의소,1
각오,1
비판,5
노년,1
성찰,1
진보,9
전화,4
박스,27
보컬,1
슈퍼,13
기억력,5
브라이슨,8
게으름뱅이,2
탈출,4
젊음,6
현영,4
산중일기,2
권리,13
호걸,1
랑랑,1
때때,1
솔빛,1
연수,1
페르세폴리스,1
걱정,14
병,5
도자기,2
꾸중,1
원미동,4
린치,2
독소,2
럼버,4
제국주의,2
모드,3
일터,1
서라벌,1
초심,1
렘브란트,1
지두,1
직선,2
낙원,3
엠마,1
명품,1
경찰,2
특공대,2
로아,1
불꽃,1
아고라,2
원주민,1
멕시코,3
발전,2
요구,2
수용소,6
무중력,1
증후군,1
꽃신,1
그날,10
소로스,1
패러다임,1
삼성,15
진정,1
소금꽃,1
배트맨,1
다크,3
나이트,3
리턴즈,1
내추럴,1
데인저러스,1
촘스키,2
사자성어,1
전사,1
바나나,1
척,4
말씀,7
그물,1
배신,8
왕비,2
교향곡,1
던전,8
파이터,1
아트,13
달리기,1
오스카,3
와오,2
이매진,2
벤자민,3
버튼,3
유성,1
인연,5
전산,4
인문학,26
스터디,4
라이트,1
아웃,22
라이어,22
거기,4
발자국,4
조혜련,1
박살,1
호스트,1
공무,4
좌절,4
교수대,2
까치,2
도가니,14
최강희,3
레인보우,3
이범의,3
마음속,1
넛지,17
기후,2
양길,1
성균관,13
유생,12
나날,27
악,3
후회,16
규장각,14
각신,14
데이,5
금서,10
이혜영,4
패션,3
바이블,18
핀란드,6
층,59
브레이킹,10
던,10
스튜어디스,1
시원,20
왕녀,10
파반느,10
바퀴,3
체리,2
나무집,2
요정,5
팝업,2
초,5
백야행,15
고려,5
요괴,1
독종,11
학과,1
동시,1
후기,4
걸작,2
청춘,67
이별,19
이스라엘,2
자연식,6
로스트,8
심벌,8
보통,22
존재,19
구월,1
이틀,1
모두,7
구두,3
메시지,6
신약,2
아이리스,2
풍차,1
안경,6
양육,7
좌표,4
올레올레,2
탐,2
험기,2
박철범,12
쇼,5
덕혜옹주,22
데이지,1
업계지,2
우편배달부,1
아몬드,21
표지,6
알몸,4
버터,1
계란,1
채식,2
베,1
이킹,1
본능,1
박완서,2
형사,6
절차,1
크로스,7
뷰티,5
듀이,5
감동,7
고양이,43
깃털,4
리더,17
이순신,2
거북선,2
수호,2
불황,5
성장,9
중지,1
캠프,1
불변,7
타블로,1
소설,15
영문,64
이이화,1
한문,1
만점,5
후불제,5
베트남,5
개월,5
살잡이,2
까망,2
콩,2
슬럼,2
밀리어네어,2
부처,3
정혜신,2
피부,2
관리법,2
오두막,13
스타십,1
트루퍼스,1
마일즈,1
패턴,4
스베덴보리,2
야구,9
지깨비,2
포토,8
악보,1
양피지,1
위저드,5
베이커리,5
고민,3
탱고,3
피크닉,3
화장품,4
재,2
행성,1
통찰력,1
심플,9
플랜,5
삼월,1
구렁,1
파업,2
가요,5
언덕,9
가난뱅이,3
역습,3
공작소,4
영어사전,2
출근길,4
한반도,2
손석희,2
좌안,1
매일,2
로쟈,2
우안,1
당장,5
어제,3
옆,16
쿠오바디스,1
이준구,1
조선일보,2
뇌파,1
진동,1
클린턴,2
라이프,18
회,37
불패,4
진짜,6
유러피언,1
멘사,2
야성,3
충동,2
불멸,1
신성,1
오스트리아,3
도살장,3
수납,5
의심,2
열쇠고리,2
고뇌,2
원근법,1
퀘이크,1
걸기,4
유정아,4
서울대,8
전환,2
노서아,1
가비,1
손가락,2
먹물,2
방울,2
멸망,2
지중해,2
임꺽정,1
카타리나,2
블룸,2
명예,2
통,12
통세계,4
대작전,5
비상,1
점프,1
이희호,1
미식,1
항암,1
식탁,9
상도,1
열외,1
인종,1
잔혹사,1
항설백물어,1
후퇴,1
바둑이,1
야구장,1
백신,1
수중,1
목사,1
파이브,5
함정,3
독서광,2
생산,2
최인호,3
친환경,2
꼬물,2
성과,3
한눈,11
우리나라,3
볼펜,1
육아,63
공항,2
주일,2
케이크,3
트레이닝,6
낭독,10
훈련,12
김연아,6
드라마,13
한방,1
효과,1
워런,2
버핏,2
탐정,30
갈릴레오,2
과목,3
비법,13
허수아비,5
춤,9
주례사,20
브리다,6
닉,6
부이치치,5
허그,5
과,5
스위스,3
잠수,11
소문,7
로드맵,5
위로,4
추구,1
음모,3
클린,3
고대사,2
취업,1
정답,12
헨쇼,1
하나님,16
대사,15
샤베트,7
상대,3
봉주르,2
지성,9
영성,8
픽처,25
플래너,2
뮤,1
니타스,1
극,1
학,1
전화벨,7
레온,1
봉사,1
범죄,9
홈,6
메이드,5
음료,2
길고양이,2
베란다,1
채소밭,1
퀴르발,3
남작,3
섹스,4
유홍준,1
카산드라,3
더블,7
집권,4
덧셈,2
뺄셈,2
지하,5
불평,1
언더그라운드,2
내전,3
약속,5
장소,1
지리산,8
음악,8
괴벨스,1
대중,1
선동,1
리드,34
롤리타,2
영란,1
모터사이클,1
서록,1
매리,1
외박,1
시튼,1
동물기,1
밥값,1
신판,25
부록,52
고등,4
가이드북,9
만발,2
올리비아,1
트리,1
유년기,4
소희,1
리영희,1
보수,4
피네,3
윔피,5
키드,5
번국,2
검색,7
조,4
도해,2
사고력,2
기타노,1
다케시,1
밥상머리,4
침묵,16
무역,2
니콜라,3
발달,3
풀밭,1
식사,5
애도,1
큰소리,2
저주,11
하체,10
레전드,1
휴가,1
베스트,7
파라다이스,11
법정,4
걸까,3
쿠바,1
고령화,1
적막,2
산방,2
모음,3
충만,2
물소리,2
대설주의보,1
구글,5
드,22
진리,2
심술쟁이,1
뱀,4
숨,13
그네,3
장화,1
은교,7
안찌,3
김예슬,2
식생활,2
취향,5
소현,2
아래쪽,1
직업인,1
왕건,1
바지,1
도적,1
숫타니파타,1
토니,1
부잔,1
마인드맵,1
인도,1
스위치,3
불편,6
화보,2
브라바,1
아불,3
명탐정,17
스눕,5
꽃비,1
키터,2
리지,2
무소유,1
간송,1
전형필,1
월드,5
워크래프트,2
아서스,1
리치,3
이인혜,2
타라,1
덩컨,1
숙제,2
커버,115
남아공,2
오리진,3
김미경,15
스피치,4
강남,9
몽,6
제리,2
한판승,3
접시,1
수첩,18
사토,2
리얼리스트,2
예의,13
역사가,1
순수,2
윤재,4
김대중,3
박씨전,2
낭군,5
조금,2
핸드폰,2
니시구치,1
홋카이도,1
마더,5
구스,1
믹스,1
여왕벌,1
실험실,1
세로토닌,2
푸어,2
브리,2
태너,2
울기,2
평행,1
논증,3
대표,2
밥반찬,1
십팔사략,1
일촌,3
붓다,2
루시퍼,1
리얼,3
에밀,1
사고뭉치,1
저자,8
직강,2
재무제표,8
대혁명,1
꾸뻬,18
설계자,2
북극,1
콩지,2
프라이팬,1
쿠키,1
이선비,2
한양,1
철학사,10
캣칭,1
파이어,1
신곡,1
소지섭,1
동급생,5
윤리,1
피,13
고아,1
바비브라운,1
메이크업,1
결탁,3
고구려,25
유대인,10
발,4
목,4
왕도,3
밥통,1
영상,2
히말라야,3
담론,13
분석,8
워크,11
애프터,5
송가,1
증오,3
라이더,1
고양이로소이다,1
보카,101
임신,37
출산,37
박경철,11
흑산,4
조국,5
현상,4
코믹,78
오프라인,51
꼼수,6
뒷담화,4
알레프,3
중용,6
의식,3
손자병법,4
문재인,13
새벽,18
거북이,3
아프리카,1
코바늘,2
손뜨개,2
무신론자,3
종교,2
원피스,32
짜증,1
송아지,1
은하영웅전설,1
완,2
전판,1
넌,8
모멘트,6
불안,8
괴로움,3
백설,19
도끼,19
베르나르,15
베르베르,15
녀석,7
로맨스,1
왓,6
칭,6
어휘,44
적중,51
출제,82
인덱스,29
수록,32
제공,29
대지,1
코칭,22
동의보감,5
비전,3
아이콘,2
노론,1
고현정,3
결,5
하루키,4
잡문,4
정봉주,3
프로이트,14
팝,5
쥐,2
다이어터,16
응기,5
허영,5
변호,1
측,1
증인,1
식이,6
조절,6
중력,1
대학,4
백제,2
숀리,5
발명왕,4
겟앰프드,2
양상추,1
퀴즈,1
수도,1
전면,18
서찰,1
화해,1
스틱,1
강자,3
중생,2
권유,2
조조,1
중고생,1
필독서,1
약,4
에피소드,2
소셜,1
애니멀,1
위키리크스,3
레시피,29
욘더,1
미해결,1
파일,11
디퍼런트,2
일리아스,1
동방맹월초,1
라스트,1
중독자,1
플래티나,1
데이터,4
발해고,1
渤海,1
考,1
최승호,2
방시혁,2
빌딩,3
이거,2
집짓기,4
지우개,1
야행,2
관람,1
카모,2
메,2
레드,12
라이,2
딩,1
후드,1
증명,2
코믹스,17
회복,4
탄력,3
김제동,7
위인,2
별자리,3
프로,8
스카,6
풀빵,1
다큐프라임,3
아가미,2
마그리트,1
모킹제이,1
소란,1
보통날,1
검사,9
스폰서,1
고베,1
위풍당당,4
행진곡,1
타이거,1
한정판,82
시네마,1
기독교인,1
종이접기,14
백성,2
귀족,2
빔,1
보가,1
합격,65
에메랄드,2
크리티컬,2
매스,6
풀이,2
완성도,2
토킹,2
만약,5
고교,3
매니저,2
느낌,1
공동체,1
수상,29
작품집,26
선재,113
사찰음식,4
라트비아,2
겟,3
잇,3
구약,4
모세,2
오경,1
정상,2
절집,1
가격,1
피카소,1
천적,1
분노,8
타인,9
밑반찬,1
테마,1
뉴질랜드,2
이미지,1
헬프,1
환영,1
연구,3
파괴,2
망고,1
독학,2
리락쿠마,1
이케다,1
다이사쿠,1
김태권,2
확신,1
철수,1
모더니즘,1
방학,2
외모,1
기분,11
표백,1
국보,4
순례,16
비스트,2
저학년,1
체험학습,1
신문,1
눈앞,2
정령왕,2
엘퀴네스,2
예측,2
불허,1
교전,1
흑학,1
오감,1
티라노사우루스,1
시사,5
오르세,1
별밤,1
윤휴,1
도시락,2
레벌루션,1
이탈리아,2
걸스,1
아부,1
본심,1
정진홍,1
노블레스,1
어쿠스틱,12
이창호,1
부득,1
탐승,1
得,1
貪,1
勝,1
사도,1
세자,1
내게,7
끈,1
골목,5
소도시,1
로망,1
호감,1
시모,1
키타자와,1
차홍,1
헤어,2
옥수수,2
쿠베라,5
뭔가,2
유엔,5
지능,4
미드,1
스크린,2
통신사,1
누명,1
벌집,1
日,7
균,31
쇠,29
템테이션,3
허락,3
장사,7
파도,8
수탕,4
선녀님,4
종족,4
클로,1
아침놀,1
애꾸눈,1
절,6
그리스인,25
조르바,25
트레이,6
닝,2
원어민,1
프로파간다,5
목소리,12
와일드,6
오량,1
사부,1
광해,2
로도스,1
전기,2
셋집,2
독서법,15
미생,31
소설가,8
의기양양,2
어휘력,5
일취월장,3
김태훈,1
토크,2
물리학,2
인성,4
레오,2
파드,1
예언자,3
사장,4
분투,2
강희,1
외전,13
늑대소년,2
여울물,3
일주,2
패러독스,3
색칠,7
컨스피러시,1
그레이,18
작위,1
카밧진,1
챙,3
명상,1
이방인,2
레고,1
브릭,1
마스터,3
닌,1
김미화,1
나미,58
잡화점,58
로보카,3
폴리,4
캐럴,6
신의,1
모피아,1
빚더미,1
레미제라블,2
상속자,1
레,6
미제라블,5
데미,1
덱,1
법륜,8
쟁점,1
상점,13
이즈,1
원더보이,1
물건,5
가시,6
방황,11
화차,4
구,41
삼촌,2
브루스,1
제정신,2
송곳니,1
우먼,2
블랙,6
제갈량,2
방주,1
르몽드,1
팔레스타인,1
주진우,7
정통,4
활극,7
인분,1
캡슐,2
수리,4
해부학,6
대사전,1
정서,2
포스터,9
어깨동무,2
미적분,1
사용법,4
헝거,7
신참자,1
허록,1
인사,1
일침,1
쓰레기통,4
케인,1
맹자,1
上,1
맹상군,1
인기,1
산업,11
욕망,5
변방,2
이철수,1
김수영,1
진화,4
당질,1
신기루,1
골반,1
바다표범,3
축,2
북항,1
필리핀,1
제노사이드,4
스트로베리,1
루브르,5
기싸움,1
이상호,3
비행운,3
개츠비,12
피그말리온,1
샐러드,5
드레싱,3
빅터,1
실연,2
조찬,2
모임,2
멀티플라이어,2
과학사,2
딸아,12
일몽,2
전통,1
레이드,3
심연,5
케빈,1
마조,4
새디,4
유수연,1
안주,2
지랄,9
유네스코,1
태도,9
고독,11
트루먼,1
플,3
도매가,1
소스,2
성형,2
궁금증,3
전용,3
레어,1
액세서리,1
아바타,1
스킨,1
총리,1
아침상,1
카오루,1
습유,1
프리스타일,1
히어로,24
식탐,1
뿐,8
세상만사,1
배꼽,3
푸코,2
바르트,2
레비스트로스,2
라캉,2
클라우드,1
프라하,2
묘지,2
응답,2
크라센,1
애,6
반다,2
래빗,12
우드,2
만리,44
이중섭,4
미움,46
구애,2
폭풍우,5
센티,10
플러스,13
서천석,2
알랭,4
고개,2
가부,2
다북쑥,2
다자키,5
루,5
빙과,1
창문,25
기억법,10
김정일,1
효소,5
파운데이션,1
홍도,1
수고,1
엔드,1
크레디트,1
배속,7
살림,9
여덟,18
노르웨이,6
어젯밤,1
반찬,5
숨은그림찾기,7
여관,2
아크라,2
문서,2
말대꾸,2
칼로리,2
식단,1
정의,9
크,3
라트,1
와튼,1
스무고개,8
파인더,2
갈망,1
강신주,13
사월,3
칠월,3
솔,4
결혼식,2
전날,2
선대인,5
서랍,4
각법,6
데이즈,3
쿠,12
콜링,2
엔딩,2
도미니크,4
로로,4
혜민,3
뻐꾸기,2
병자호란,2
완간,5
가계도,3
브로마이드,3
수학자,2
집안,1
경향,27
반영,25
가계,7
겐지,1
겐이치로,1
양심,1
그릿,10
투표,3
백일홍,1
포크,6
테이블,6
비교,5
디어,9
치에코,2
밤하늘,1
한비,5
일수,1
리스닝,86
정복자,1
바바,2
파파,2
칠북,1
스도쿠,2
차별,11
찬성,1
비울,1
오픈,3
유어,2
고미숙,1
광고천재,1
이제석,1
꽃송아리,1
패밀리,1
배달,1
전략가,2
퇴마록,3
하워드,3
에스파냐,3
고서,11
눈꺼풀,1
카레니나,3
궁극,1
웜,1
바디스,1
브레스트,1
갈림길,1
곤지곤지,1
잼,8
강력,1
팬티,1
선셋,4
파크,7
운,4
간헐,4
단식법,2
리빙,1
진격,2
장옥정,2
변호사,1
차지,4
대백,9
기호,1
안석,1
뽕,1
천로,1
역정,1
바벨,1
씨앗,2
육체,3
산책자,5
뚱보,1
이설,1
골방,2
몸짱,2
이순구,1
도르,1
인페르노,8
기브,1
테이크,1
쑈,1
케이스,3
관찰,5
히페리온,1
솔로몬,7
위증,7
헬스,2
권미진,1
개콘,1
나미브,1
주목,1
짱,2
단식,2
패스트,2
김난도,1
관점,3
설국,2
실내,2
해리,6
쿼,1
버트,1
상체,2
시력,1
소프트웨어,2
객체,1
주기,2
활,1
다상담,3
뭘,1
광고,1
파과,1
섀도우,1
헌터스,1
야간,1
매점,1
콘스탄티노플,1
살림살이,1
잉여,1
포기,3
예언서,1
최성애,1
조벽,1
에드워드,4
툴레인,4
다윗,4
골리앗,4
물정,4
사회학,2
태백산맥,1
핸디,1
이카루스,3
질풍,1
절구,1
독재,1
디즈니,8
무비,4
유신,1
누비처네,1
크로아티아,2
정확,3
메이즈,5
러너,5
스코치,6
트라이얼,6
큐어,6
에디션,111
맞춤법,2
만능,8
양념장,8
십자가,4
잘못,5
장바구니,3
무진기행,1
테라,2
컬러,16
링북,8
싸드,4
장하준,6
전투,1
이지,2
장서,2
잡담,4
한계,1
비용,2
제로,13
무의미,4
축제,4
전달자,3
셈,4
국기,1
정희진,1
아침밥,3
칠면조,2
기력,1
정신,2
멀티,2
크리에이티브,1
삼관,3
매혈,3
구토,1
북한산,2
둘레,2
찾기,2
뉴스,4
산장,2
스미레,2
라오스,5
장자,2
道,1
딴지,1
비테,5
면도날,1
군중,1
물질문명,5
정비,1
톨로,5
지,5
허영만,2
생존자,1
회고록,1
네이처,1
재발견,5
센트럴,4
기슭,2
마왕,2
마성,1
동백꽃,1
투,9
키런,10
아테네,1
조정래,2
돈키호테,1
검정,69
탄동,1
사거리,1
만복,7
전파사,1
오무,3
메리,2
뽀로로,2
비굴,2
이종필,1
인터,2
스텔라,2
스테이트,1
유니언,1
필통,1
가나안,1
성도,1
신앙,1
파이프,16
북엔드,13
안티,1
오이디푸스,1
비포,12
조립,1
스크랩,1
펭귄,2
리추,1
얼,1
식욕,1
네메시스,3
미니,17
월요일,2
몬순,1
강아지,1
전체,2
대본,9
바느질,1
조이,1
수증기,1
변태,2
난쟁이,2
눈송이,2
디즈,1
워즈,1
투명,9
방정식,4
듯이,1
원서,2
지대,1
단속,1
정유정,2
클로즈업,1
오닉스,1
자매,1
연애결혼,1
젤롯,1
귓속말,1
오디오북,2
서,3
베이,1
군대,3
몽환,2
고종석,2
무민,7
황제,3
외동딸,3
황궁,1
여록,1
빵집,4
절벽,4
자리,1
보고,1
체력,3
최소한,1
요즘,3
백석,3
불륜,3
다면체,2
선사,1
리스,2
본행,2
야간열차,2
윈터,10
미티,11
중국어,1
누나,1
광년,1
똥파리,1
신호,1
소음,2
저기,1
하자르,1
베드,4
쓰,4
북스,1
오리지널,13
증보,1
교감,1
완역,1
난중일기,1
월급쟁이,1
독도,1
북녘,1
남녘,1
피리,2
술사,2
월든,2
불로,1
성인,1
교황,2
生活,1
세제,1
모비,1
딕,1
히나,1
싸가지,1
섹션,2
반장,1
조동사,8
이동,5
보존,1
식,5
사법,6
오자,2
세이지,2
금요일,7
용선,3
양말,6
센스,1
영한사전,1
패딩턴,1
비엔나,2
원북,9
당나귀,1
곁,3
김대식,2
퀘,3
아들러,5
젊은이,1
메가,2
에듀,19
윌,18
태화,2
운한,1
아지랑이,1
솔로,1
시가,2
마션,7
라면,5
며칠,9
한길,115
너머,26
오베,14
크레마,8
카르타,8
백종원,14
추천,13
메뉴,14
야단법석,2
악당,3
네이비,2
체르노빌,1
미스테리아,13
송곳,4
브라더,1
듯,4
한밤,3
주역,2
슬램,6
덩크,6
페코,1
로스,1
영아,1
박종훈,2
서민,2
단권,3
문구,7
조실,8
톡,11
민준호,32
월,10
바,19
닷,19
프라,1
극지,2
인공지능,2
레토,1
오사카,4
교토,3
실록,18
보장,6
무렵,5
도남,1
메모광,1
사제,3
추록,2
최종,13
점검,8
펀,25
신영식,1
해동,3
테크,1
전성시대,1
은수저,1
개코,3
퍼스널,1
시기,1
확장,5
숙련,3
우물,2
판결,2
아오,1
이드,1
스트로브,1
사료,5
초판본,32
진달래꽃,5
詩,14
사피엔스,46
특별기,2
획,2
리스트,4
시민,5
댓글,1
부대,1
괴수,1
화재,2
감시원,2
윤승현,2
심층,3
면접,5
안정제,1
아도니스,6
피너츠,3
품격,9
명리,5
연회,2
앵화,2
연담,2
체크,12
동의,3
해신,2
맏물,3
감성,1
징비록,2
평균,2
연령,2
사와무라,2
댁,2
인소,12
리미,1
법대,1
자발,1
복종,2
임헌석,1
낸시,6
반쪽,11
설편,1
서막,1
포트,4
변,2
이창근,1
해고,1
꽃잎,3
가능,2
탐정단,2
김이나,3
아자젤,2
사계절,1
저널,2
풋내기,1
공단,4
동형모,19
고사,19
워싱턴,2
캔디,1
레인,3
웰컴,2
제비뽑기,1
본,2
딥,1
워터,3
머릿속,1
설야,1
허즈번드,5
추정,2
데,3
빌스,2
세월,4
협박,5
초회,5
정판,10
수전,2
손택,2
팽,1
항,1
책임,2
월호,1
민변,1
레프트,2
라시,1
겁,1
수선화,1
셜리,1
의문사,1
무히카,1
마스다,1
컬렉션,4
문고판,1
봉하,1
만풍,1
혈,1
전선,1
직관,1
펌프,1
맞벌이,4
형태,4
기린,4
계약직,1
냅킨,1
베를린,3
망드,1
스위트,1
씨네,1
샹,1
떼,1
나오미,4
가나코,4
나루토,1
머스크,1
수레바퀴,1
트렁크,1
집중력,1
야경,2
조훈현,3
고수,3
초상,2
여명,4
기둥,1
모리어티,1
다의,1
펜,2
미스터,6
메르세데스,3
소름,1
요일,3
방울새,1
일인자,1
스토너,5
전복,1
반전,1
음란,1
황남,1
트레인,2
히,2
칠드런,1
액트,1
쌤,50
그믐,2
경험,5
나츠메,5
우인장,5
스튜디오,5
수박,5
수영장,5
히스토리에,2
공무원,9
화살표,1
십이야,1
휴휴,1
명당,1
귀소,1
마드리드,1
한혜진,1
바디,4
메이블,1
보르헤스,1
한다,1
군,20
주주,1
서한,1
북마크,3
불화,1
묵향,1
확률,1
비니,1
겨,1
어법,1
규범,1
라플라스,4
그랜드,5
부다페스트,5
카인,1
매미,3
울음,3
실,30
전동,28
신경,5
한낮,2
빈출,7
햇살,2
언덕길,2
남빛,2
라이온,4
이동기,49
코딩,3
세시,1
경선식,2
초스피드,2
공편,2
계승,1
블로,3
설민석,94
숨결,9
이큐,30
컴,2
플리트,2
구본,2
구르,5
달빛,9
스파이,3
페러,2
그린,2
릿,7
터,8
플래트,1
천공,1
벌,1
풀꽃,10
욱,8
직장,1
사업,2
할로우,1
시티,1
립,3
윙클,1
명견만리,18
정청래,1
국회의원,1
사이코,6
역,1
기관,31
독점,31
공개,31
가해자,2
강화,5
포켓,14
스프링,17
호르몬,1
밸런스,1
캐릭터,6
카카오,20
라이언,5
요약,17
딜런,1
심야식당,3
화서,2
해시,1
신루,1
겉보기,2
무도,10
손진숙,13
월간,7
노자키,7
믜,1
리도,3
괴리,1
빙,1
국왕,3
쇳물,3
약간,10
리허설,8
편의점,2
문동,2
핵,5
지총,2
마트,1
대신,1
천기,4
킬러,1
안데르스,1
둘,1
전효진,9
행정법,9
총론,9
페미니스트,22
드론,1
친애,3
온도,23
돌파,21
김지영,20
패스,1
캘린더,5
민트,1
실어증,1
증,1
소원,8
브루클린,2
만년,1
도구,7
기계,7
요나탄,1
면역,1
갈리아,3
추리,18
엉덩이,18
브릿,1
중년,1
메로,1
코난,10
서점,6
지하철,1
맘마,1
미아,1
사슴,3
메르,2
약점,11
캐롤,2
환율,2
필사,2
미라클,4
모닝,4
설전,1
음,3
공간,7
제복,1
크롬,1
커터,1
나침판,16
필리,2
버스터,2
사서함,4
우편물,4
정지용,1
시집,1
황석영,1
밥도둑,1
김치,2
피에로,1
조은정,1
글로리,1
파산,1
반복,2
텐,3
카운트,3
세인트,1
바리스타,4
자격,4
마크툽,1
빈티지,2
허리,2
중력파,1
행정학,6
렛츠,2
파이널,4
후예,1
미안,3
임경선,1
아카데미,21
도리언,1
팬,2
백귀야행,2
필수,3
허벅지,1
주사위,1
블러드,1
장범준,1
기타,1
나락,1
미답,2
다이아몬드,1
주토,1
피아,1
봄철,1
타르트,1
희랍어,2
서울시,9
클라우스,6
슈,6
주원,3
혐오,6
학력,1
세븐,2
틴,2
포토북,1
최진기,2
무빙,1
러버즈,1
스파이더맨,2
데드,2
이슈,2
랑야,5
낮,8
아가씨,4
보람,1
따위,1
야근,1
수당,1
주세요,1
훈육,1
도서,1
바라카,4
레이나,1
졸업,3
일반,13
종합,2
군함,1
반응,1
집사,1
주정뱅이,1
첼로,1
왕좌,2
중국식,1
룰렛,1
여름휴가,2
서커스,1
퍼스,1
쇼코,16
컴퓨터,4
스피릿,1
니시우라,1
사진관,1
통찰,1
김상욱,1
라파르그,1
각본,3
헬,2
계승자,1
개봉,1
무기력,1
되풀이,2
배지,2
글씨,3
테드,1
신혼,1
내공,1
바퀴벌레,1
뚜껑,1
본집,5
닥터,5
도티,6
악어,1
스킵,5
비트,5
트리거,1
보보,1
경심,1
단박,1
시진핑,1
젠,1
접어,1
속삭임,1
매칭,1
창립,1
주년,14
비주얼,2
세이,3
공터,3
무코다,1
이발소,3
당나라,3
모나드,1
황혼,3
로마사,1
하프,3
초속,1
센티미터,1
촬영,1
에코,2
양성,1
반대,1
고등학교,16
이명박,3
추격기,3
췌장,2
실격,2
아픔,3
연표,1
힐빌리,2
살육,2
혁명사,1
워치,1
홈스,1
장편,1
추월,9
차선,9
대답,5
악몽,4
최근,2
개년,2
바깥,10
프리미엄,1
인플레이션,1
백희나,1
장난,1
매거진,2
문호,5
독스,5
멍,1
아르테미스,4
지렁이,1
옵션,1
레이스,1
빵꾸,12
어비스,1
따옴표,1
우유,1
핑크,1
밑줄,1
셋,1
산하엽,3
단독,2
눈보라,2
체이스,2
랩,5
특급,3
횡설수설,2
설명,2
데우스,8
패리시,1
탓,1
포르투갈,1
최태성,49
임용,1
진도,1
프린스,2
스미,1
안목,1
사유,1
직소,2
피스,2
안부,1
스페이스,1
탄핵,2
서티,2
타자,1
알사탕,6
애덤,1
고종훈,10
지옥,1
여중생,2
동전,2
구멍가게,3
직,6
나공,6
처리,5
산업기사,2
랜들,2
먼로,2
시노다,1
과장,3
세끼,1
필립,1
코틀러,1
보노보노,10
다행,5
타이탄,2
퀀텀,2
누아르,2
제비꽃,2
스피어,2
에고,1
민음사,4
부스,4
여흥,2
상사,2
은행나무,2
여수,2
지방,4
심정리,2
문학사,4
엘리트,1
하이든,1
로마서,1
가을철,1
톤,1
이타,1
혼란,2
정치학,1
등급,1
꼴찌,1
통역사,1
레버리지,2
랄프,1
로렌,1
연화,4
버릇,1
이동진,2
편력,1
영초,2
북유럽,2
마티,1
보복,2
대행,2
전문,2
완결,5
수인,2
장루이,1
처방전,1
친필,4
사인,1
비너스,3
넛,1
셸,1
바니,2
타스,2
수기,2
고대,1
최강,4
빈도,1
휴먼,1
삼생,2
라틴어,8
말투,2
하루하루,1
비하인드,2
도어,3
낙서,1
잭키,1
마론,1
몬드,2
마구,1
메뉴판,1
신용,4
개론,1
아날로그,1
반격,1
김중근,7
형법,4
중문,6
제선,6
소송법,4
극한,1
원작,4
무지개다리,1
그해,6
스트립,2
아카,1
빚,1
말버릇,1
덩케르크,1
사이퍼즈,1
반성문,1
언더,1
그라운드,1
레일,1
가구,3
숨바꼭질,1
무례,8
대처,8
눈동자,2
건배,2
김영철,4
타일러,4
미국식,5
일주일,3
자이툰,1
파스타,2
뻔,6
비탄,2
백일,3
산사,2
단원,4
우화,3
하반기,15
평가,26
직무,19
수행,13
션,2
샤인,2
첫째,1
적성,6
아흔,3
봄여름가을겨울,2
행방,4
어나더,9
현남,2
럭키,1
타로,2
만물,1
며느라기,3
환생,1
거실,1
사모,2
죽이기,8
에미야,1
가의,1
시월,1
정반대,3
회색,2
의,1
필로,1
소퍼,1
언스,2
피버,1
곰돌이,11
푸,11
프랑켄슈타인,1
판례,1
재벌,2
흑역사,3
셰이프,2
카피,2
아리랑,1
포레스트,2
허기,1
상담,3
판매,3
아학편,3
사철,3
제본,3
국철,2
공사,3
우즈,3
김병태,1
에픽,1
알고리즘,1
계산,1
봉투,6
채,1
워너,1
취임,2
당황,2
땐,4
폰,1
개통,1
김정희,2
파인,2
이닝,1
곰탕,2
달밤,1
체간,2
리셋,2
범위,1
베어,3
타운,3
마,2
왕가위,1
한중일,1
마블,3
둔감,2
서기,2
밍,2
시그널,2
반딧불이,2
앞부분,2
유튜브,2
식빵,2
삼귀,2
배우,1
당선,1
문맹,2
플랫,1
폼,1
카르테,1
맹세,1
사탄,1
무해,3
경애,2
미스,2
함무라비,2
떡볶이,3
고단,4
저탄,4
수화물,4
이노센스,1
강민호,1
강원국,2
랜덤,3
예절,1
도로시,1
플랜트,2
페이퍼백,7
날씨,10
황현산,2
예고,2
한때,2
볕뉘,2
모스크바,1
호실,1
댄,1
애리얼리,1
굿,1
수리부엉이,2
기출문제,1
발송,2
인쇄,4
문자,1
맥파,1
가장자리,1
통일,1
꼬부기,2
쵸,2
신장,2
재편,2
스케일,1
생물,1
보편,1
평양,1
공작,5
사정,5
제언,1
아크릴,3
물감,1
방구석,12
사울,1
레이터,1
열혈,4
강호,4
아이스크림,1
독법,1
치아,2
소미,2
미터,1
김승옥,3
문학상,3
로마법,3
남매,31
방랑자,3
마도,14
조사,14
밀크,2
에이트,8
쓸모,5
사기병,1
태고,2
본성,4
그곳,2
줄리언,1
반스,1
에티켓,2
변동,3
과거,3
신세계,2
잔혹,2
합리,1
관객모독,1
조현,1
탐구,7
머시,1
수아레스,1
기어,1
와니,7
벌새,2
드라큘라,2
인생관,2
반야심경,3
금리,1
정혜영,1
주택,1
펭,15
페이지,9
멜로디,1
봉봉,2
현직,2
튤립,1
사운드,1
하드커버,2
레리,1
노아,2
리아나,1
아코디언,1
로즈,4
탑,2
일력,2
마가복음,1
유지,2
박막,5
례,5
밀레,1
니얼,1
위기,2
들꽃,1
심신,1
전천,15
덧니,1
통쾌,2
김락희,6
예루살렘,1
아이히만,1
소액,1
집고양이,2
고시,2
모듈,1
니스,8
뽀롱뽀롱,1
아티스트,4
쉼표,1
마침표,1
윤희,1
노견,1
예문,2
다운로드,4
음성,2
콜,1
네임,1
정규,1
진혼,1
드레스,1
메이커,1
디디,1
틀,2
벽걸이,1
바캉스,2
축구,1
시절,4
진이,2
지니,2
루지,2
연의,4
직지,6
반일,3
주의,3
가재,2
홀더,1
패드,1
초판,5
금박,1
한아,3
출간,2
페인트,2
포노,2
안드로이드,1
양,3
팥빙수,1
퍼스트,2
브랜드,2
대상,2
현장,1
카레,2
총몽,2
위즈덤,1
항구,1
그로스,1
아이큐,1
브리치,1
예일대,1
가담항설,1
매,2
무기,2
슬라임,1
즈,1
튜브,1
말지,1
기생충,3
스토리보드,3
자극,1
불리,1
연구소,1
방문,1
아이돌,1
아이즈,1
이채연,1
호시,1
청하,1
빅스,1
방탄소년단,1
엘리너,2
올리펀트,2
루거,1
페이크,1
캐리어,1
룬,6
블러디,3
아타나시,1
스탠드,1
이집트,1
윈도,1
황비,1
하트,1
드래곤,1
물질,1
예능,1
닦,1
빗,3
달빛천사,2
핀,1
한편,2
멸,8
칼날,8
패브릭,1
간호사,1
지박,12
세습,2
중산,2
보건,5
안은영,5
청소,5
구트,2
백화점,2
괴델,1
은둔자,2
그레이트,2
캔,1
천영,1
렌,1
깊이,1
속성,5
연년세세,2
심판,3
프리즘,2
풍요,2
기부,1
심화,27
존리,9
번방,1
추적,1
피프티,1
피플,1
이기동,1
어원,1
리부트,5
연민,2
복자,3
브람스,2
월가,2
쟁기,1
호기심,2
환자,2
전치사,1
해빙,9
허파,1
퍼센트,7
씽크,2
양준일,2
아씨,4
청사,1
방영,3
페이퍼,1
토이,1
꽃눈,1
울트라,1
러닝,1
스토브,2
다이빙,5
디레,1
버리,1
징,1
독고,1
솜,1
파편,3
이래,2
속살,1
그레구아르,2
책방,2
녹나무,3
페스트,7
이게,3
마디,2
영작문,1
가편,2
혼돈,1
김지은,2
떡집,16
큐,1
연구회,1
레이,1
달리오,1
템플,1
고무줄,1
모월,1
모일,1
해결사,2
깜냥,2
데일,2
이수정,2
이다혜,2
알로하,1
평일,1
시하,2
칸타,2
택트,3
뉴턴,2
아틀리에,2
쿡,1
액자,1
지민,1
이정현,2
레스토랑,2
정년,1
움직임,1
독버섯,1
박쥐,1
페르세우스,1
샷,2
장군,5
루카스,1
트라우마,2
임계,2
코로나,6
당근,2
유치원,2
함단,1
여령,1
트래블,1
각자,1
디플레,1
심우철,1
이디,1
엄,1
난공불락,1
동형,1
소방,1
데모,1
화이트,2
호스,2
가메,2
서사시,2
파타고니아,2
칠,2
서핑,2
푸름,2
트래블러,1
귤,1
메이커스,1
홀로그램,1
거주,1
불능,1
오어,1
오프,1
학생증,1
원증,1
타투,1
이데올로기,1
호흡,1
투자자,1
연세,2
클래스,1
수제비,1
오아시스,1
파라,1
하드보일드,1
원더랜드,1
페가수스,1
벨레로폰,1
테스,1
한동안,1
뉴타입,1
호크니,2
빌라,2
킵,2
고잉,2
대형,1
잡하,1
독립,1
봄날,2
유원,1
자이언트,1
킨,1
일간,2
이슬아,2
수필집,2
사이버펑크,1
검찰,1
촛불,1
김호중,1
노화,1
아귀,1
시피,2
스포츠,1
타올,1
공기업,2
파랑,1
눈물점,1
나인,1
격차,1
컷,1
분할,1
